wealth,pi
0.3065,0.5200
0.3155,0.5200
0.3247,0.5200
0.3342,0.5200
0.3439,0.5200
0.3540,0.5200
0.3643,0.5200
0.3749,0.5200
0.3859,0.5200
0.3972,0.5200
0.4088,0.5200
0.4207,0.5200
0.4330,0.5200
0.4456,0.5200
0.4586,0.5200
0.4720,0.5200
0.4858,0.5200
0.5000,0.5200
0.5146,0.5200
0.5296,0.5200
0.5451,0.5200
0.5610,0.5200
0.5774,0.5200
0.5943,0.5200
0.6116,0.5200
0.6295,0.5200
0.6478,0.5200
0.6668,0.5200
0.6862,0.5200
0.7063,0.5200
0.7269,0.5200
0.7481,0.5200
0.7700,0.5200
0.7924,0.5200
0.8156,0.5200
0.8394,0.5200
0.8639,0.5200
0.8891,0.5200
0.9151,0.5200
0.9418,0.5200
0.9693,0.5200
0.9976,0.5200
1.0268,0.5200
1.0567,0.5200
1.0876,0.5200
1.1194,0.5200
1.1520,0.5200
1.1857,0.5200
1.2203,0.5200
1.2559,0.5200
1.2926,0.5200
1.3304,0.5200
1.3692,0.5200
1.4092,0.5200
1.4503,0.5200
1.4927,0.5200
1.5363,0.5200
1.5811,0.5200
1.6273,0.5200
1.6748,0.5200
1.7237,0.5200
1.7741,0.5200
1.8259,0.5200
1.8792,0.5200
1.9341,0.5200
1.9905,0.5200
2.0487,0.5200
2.1085,0.5200
2.1701,0.5200
2.2334,0.5200
2.2986,0.5200
2.3658,0.5200
2.4348,0.5200
2.5059,0.5200
2.5791,0.5200
2.6544,0.5200
2.7319,0.5200
2.8117,0.5200
2.8938,0.5200
2.9783,0.5200
3.0653,0.5200
3.1548,0.5200
3.2469,0.5200
3.3417,0.5200
3.4393,0.5200
3.5397,0.5200
3.6431,0.5200
3.7495,0.5200
3.8590,0.5200
3.9716,0.5200
4.0876,0.5200
4.2070,0.5200
4.3298,0.5200
4.4563,0.5200
4.5864,0.5200
4.7203,0.5200
4.8581,0.5200
5.0000,0.5200
5.1460,0.5200
5.2963,0.5200
5.4509,0.5200
5.6101,0.5200
5.7739,0.5200
5.9425,0.5200
6.1160,0.5200
6.2946,0.5200
6.4784,0.5200
6.6676,0.5200
6.8623,0.5200
7.0627,0.5200
7.2689,0.5200
7.4812,0.5200
7.6996,0.5200
7.9245,0.5200
8.1559,0.5200
8.3940,0.5200
8.6391,0.5200
8.8914,0.5200
9.1510,0.5200
9.4182,0.5200
9.6933,0.5200
9.9763,0.5200
