tau,density,normal
-4.90,0.0000,0.0000
-4.70,0.0002,0.0000
-4.50,0.0008,0.0000
-4.30,0.0027,0.0000
-4.10,0.0040,0.0001
-3.90,0.0072,0.0002
-3.70,0.0152,0.0004
-3.50,0.0310,0.0009
-3.30,0.0405,0.0017
-3.10,0.0897,0.0033
-2.90,0.1132,0.0060
-2.70,0.1650,0.0104
-2.50,0.2473,0.0175
-2.30,0.3375,0.0283
-2.10,0.3938,0.0440
-1.90,0.4670,0.0656
-1.70,0.5177,0.0940
-1.50,0.4968,0.1295
-1.30,0.4607,0.1714
-1.10,0.3783,0.2179
-0.90,0.3295,0.2661
-0.70,0.2370,0.3123
-0.50,0.1872,0.3521
-0.30,0.1472,0.3814
-0.10,0.1075,0.3970
0.10,0.0827,0.3970
0.30,0.0497,0.3814
0.50,0.0342,0.3521
0.70,0.0237,0.3123
0.90,0.0138,0.2661
1.10,0.0085,0.2179
1.30,0.0047,0.1714
1.50,0.0022,0.1295
1.70,0.0025,0.0940
1.90,0.0003,0.0656
2.10,0.0000,0.0440
2.30,0.0000,0.0283
2.50,0.0002,0.0175
2.70,0.0000,0.0104
2.90,0.0000,0.0060
