iter,loglik,mle
1,-4947.456,-4469.885
2,-4538.024,-4469.885
3,-4532.588,-4469.885
4,-4531.200,-4469.885
5,-4529.889,-4469.885
6,-4528.621,-4469.885
7,-4527.393,-4469.885
8,-4526.203,-4469.885
9,-4525.050,-4469.885
10,-4523.932,-4469.885
11,-4522.848,-4469.885
12,-4521.796,-4469.885
13,-4520.776,-4469.885
14,-4519.785,-4469.885
15,-4518.823,-4469.885
16,-4517.889,-4469.885
17,-4516.982,-4469.885
18,-4516.100,-4469.885
19,-4515.242,-4469.885
20,-4514.408,-4469.885
21,-4513.597,-4469.885
22,-4512.808,-4469.885
23,-4512.040,-4469.885
24,-4511.293,-4469.885
25,-4510.565,-4469.885
26,-4509.856,-4469.885
27,-4509.166,-4469.885
28,-4508.493,-4469.885
29,-4507.837,-4469.885
30,-4507.198,-4469.885
31,-4506.575,-4469.885
32,-4505.968,-4469.885
33,-4505.375,-4469.885
34,-4504.797,-4469.885
35,-4504.233,-4469.885
36,-4503.682,-4469.885
37,-4503.145,-4469.885
38,-4502.620,-4469.885
39,-4502.108,-4469.885
40,-4501.607,-4469.885
