m,estimate,lo,hi,formula
100,11.3249,7.8705,14.7793,10.4506
178,12.4384,9.8285,15.0482,10.4506
316,11.9748,10.0921,13.8576,10.4506
562,11.5375,10.1610,12.9140,10.4506
1000,10.9689,9.9978,11.9399,10.4506
1778,10.3333,9.6331,11.0335,10.4506
3162,10.1546,9.6436,10.6656,10.4506
5623,10.4870,10.0970,10.8771,10.4506
10000,10.5366,10.2446,10.8285,10.4506
17783,10.4782,10.2589,10.6976,10.4506
31623,10.4574,10.2916,10.6232,10.4506
56234,10.4410,10.3173,10.5647,10.4506
100000,10.4286,10.3359,10.5212,10.4506
177828,10.4676,10.3978,10.5375,10.4506
316228,10.4648,10.4124,10.5172,10.4506
562341,10.4481,10.4088,10.4874,10.4506
1000000,10.4479,10.4185,10.4774,10.4506
