t,hh,eu,jp
2000.0417,2.420,3.056,4.540
2000.1250,2.660,3.056,4.580
2000.2083,2.790,3.056,4.950
2000.2917,3.040,3.240,5.080
2000.3750,3.590,3.240,4.580
2000.4583,4.290,3.240,5.140
2000.5417,3.990,3.590,5.380
2000.6250,4.430,3.590,5.510
2000.7083,5.060,3.590,5.560
2000.7917,5.020,3.930,5.920
2000.8750,5.520,3.930,5.860
2000.9583,8.900,3.930,5.720
2001.0417,8.170,4.220,4.980
2001.1250,5.610,4.220,4.660
2001.2083,5.230,4.220,4.850
2001.2917,5.190,4.260,4.790
2001.3750,4.190,4.260,4.950
2001.4583,3.720,4.260,5.110
2001.5417,3.110,3.780,5.050
2001.6250,2.970,3.780,4.730
2001.7083,2.190,3.780,4.630
2001.7917,2.460,3.240,4.650
2001.8750,2.340,3.240,3.950
2001.9583,2.300,3.219,3.680
2002.0417,2.320,2.790,3.570
2002.1250,2.320,2.790,3.640
2002.2083,3.030,2.790,3.690
2002.2917,3.430,2.560,4.070
2002.3750,3.500,2.560,4.440
2002.4583,3.260,2.560,4.530
2002.5417,2.990,2.520,5.760
2002.6250,3.090,2.520,4.520
2002.7083,3.550,2.532,4.630
2002.7917,4.130,2.780,4.760
2002.8750,4.040,2.780,4.800
2002.9583,4.740,2.814,4.710
2003.0417,5.430,3.150,5.010
2003.1250,7.710,3.150,5.310
2003.2083,5.930,3.170,5.440
2003.2917,5.260,3.578,5.180
2003.3750,5.810,3.578,4.870
2003.4583,5.820,3.580,4.700
2003.5417,5.030,3.610,4.670
2003.6250,4.990,3.610,4.750
2003.7083,4.620,3.610,4.930
2003.7917,4.630,3.600,4.820
2003.8750,4.470,3.600,5.050
2003.9583,6.130,3.600,5.040
2004.0417,6.140,3.390,5.140
2004.1250,5.370,3.390,5.200
2004.2083,5.390,3.390,5.290
2004.2917,5.710,3.480,5.500
2004.3750,6.330,3.480,5.470
2004.4583,6.270,3.480,5.880
2004.5417,5.930,3.810,5.730
2004.6250,5.410,3.810,5.900
2004.7083,5.150,3.810,6.440
2004.7917,6.350,4.340,6.660
2004.8750,6.170,4.340,6.940
2004.9583,6.580,4.340,6.540
2005.0417,6.150,5.060,5.820
2005.1250,6.140,5.060,6.100
2005.2083,6.960,5.060,6.460
2005.2917,7.160,5.510,7.040
2005.3750,6.470,5.510,7.220
2005.4583,7.180,5.510,6.550
2005.5417,7.630,6.130,7.060
2005.6250,9.530,6.130,7.220
2005.7083,11.750,6.130,7.710
2005.7917,13.420,6.960,8.010
2005.8750,10.300,6.960,8.110
2005.9583,13.050,6.960,7.090
2006.0417,8.690,7.660,7.340
2006.1250,7.540,7.660,7.890
2006.2083,6.890,7.660,7.910
2006.2917,7.160,8.140,7.810
2006.3750,6.250,8.140,8.560
2006.4583,6.210,8.140,8.640
2006.5417,6.170,8.400,8.510
2006.6250,7.140,8.400,8.370
2006.7083,4.900,8.400,8.830
2006.7917,5.850,8.650,7.940
2006.8750,7.410,8.650,7.500
2006.9583,6.730,8.650,7.290
2007.0417,6.550,8.390,7.660
2007.1250,8.000,8.390,7.170
2007.2083,7.110,8.390,7.360
2007.2917,7.600,7.830,7.720
2007.3750,7.640,7.830,8.210
2007.4583,7.350,7.830,8.480
2007.5417,6.220,7.790,8.220
2007.6250,6.220,7.790,8.610
2007.7083,6.080,7.790,8.550
2007.7917,6.740,8.560,9.160
2007.8750,7.100,8.560,9.520
2007.9583,7.110,8.560,10.270
2008.0417,7.990,10.270,10.500
2008.1250,8.540,10.270,10.750
2008.2083,9.410,10.270,10.630
2008.2917,10.180,11.900,11.480
2008.3750,11.270,11.900,12.300
2008.4583,12.690,11.900,13.310
2008.5417,11.090,14.360,14.080
2008.6250,8.260,14.360,13.810
2008.7083,7.670,14.360,12.600
2008.7917,6.740,16.020,13.150
2008.8750,6.680,16.020,9.100
2008.9583,5.820,16.020,7.380
2009.0417,5.240,16.020,6.030
2009.1250,4.520,14.470,5.830
2009.2083,3.960,11.470,6.250
2009.2917,3.500,8.600,6.470
2009.3750,3.830,8.600,6.790
2009.4583,3.800,8.600,6.970
2009.5417,3.380,6.790,8.050
2009.6250,3.140,6.180,8.480
2009.7083,2.990,6.180,8.550
2009.7917,4.010,6.450,8.750
2009.8750,3.660,6.450,8.560
2009.9583,5.350,6.450,9.160
2010.0417,5.830,7.590,9.340
2010.1250,5.320,7.590,9.010
2010.2083,4.290,7.590,9.170
2010.2917,4.030,8.350,9.340
2010.3750,4.140,7.870,10.040
2010.4583,4.800,8.060,9.280
2010.5417,4.630,8.480,9.090
2010.6250,4.320,8.570,8.850
2010.7083,3.890,8.490,8.980
2010.7917,3.430,8.640,9.520
2010.8750,3.710,8.710,10.000
2010.9583,4.250,8.730,9.950
2011.0417,4.490,9.190,10.810
2011.1250,4.090,9.140,11.890
2011.2083,3.970,9.120,12.180
2011.2917,4.240,10.030,14.410
2011.3750,4.310,10.020,15.750
2011.4583,4.540,10.000,16.290
2011.5417,4.420,11.200,16.290
2011.6250,4.060,11.110,17.700
2011.7083,3.900,11.110,17.780
2011.7917,3.570,12.110,17.600
2011.8750,3.240,12.020,17.890
2011.9583,3.170,12.110,18.050
2012.0417,2.670,12.330,17.460
2012.1250,2.510,12.220,16.710
2012.2083,2.170,12.510,18.420
2012.2917,1.950,12.570,19.570
2012.3750,2.430,12.570,18.330
2012.4583,2.460,12.560,19.380
2012.5417,2.950,11.380,19.100
2012.6250,2.840,11.400,18.390
2012.7083,2.850,11.380,18.760
2012.7917,3.320,11.570,17.270
2012.8750,3.540,11.640,16.830
2012.9583,3.340,11.640,17.520
2013.0417,3.330,11.390,17.790
2013.1250,3.330,11.360,17.720
2013.2083,3.810,11.360,18.310
2013.2917,4.170,11.640,17.710
2013.3750,4.040,11.410,16.940
2013.4583,3.830,11.320,17.690
2013.5417,3.620,10.980,16.980
2013.6250,3.430,10.970,17.000
2013.7083,3.620,10.960,17.010
2013.7917,3.680,10.930,16.490
2013.8750,3.640,10.960,16.710
2013.9583,4.240,10.990,17.720
2014.0417,4.710,10.900,17.760
2014.1250,6.000,10.830,17.960
2014.2083,4.900,10.690,17.810
2014.2917,4.660,10.790,17.670
2014.3750,4.580,10.640,17.680
2014.4583,4.590,10.520,17.510
2014.5417,4.050,9.400,17.430
2014.6250,3.910,10.380,16.230
2014.7083,3.920,10.400,15.700
2014.7917,3.780,10.400,15.230
2014.8750,4.120,10.160,16.410
2014.9583,3.480,10.450,16.580
2015.0417,2.990,9.500,15.500
2015.1250,2.870,9.290,14.690
2015.2083,2.830,9.290,13.050
2015.2917,2.610,7.390,11.020
2015.3750,2.850,7.370,9.040
2015.4583,2.780,7.300,8.790
2015.5417,2.840,6.680,9.320
2015.6250,2.770,6.660,10.160
2015.7083,2.660,6.490,10.010
2015.7917,2.340,6.010,10.370
2015.8750,2.090,5.870,9.400
2015.9583,1.930,5.810,10.150
2016.0417,2.280,5.090,8.460
2016.1250,1.990,4.790,7.990
2016.2083,1.730,4.090,8.010
2016.2917,1.920,4.020,6.680
2016.3750,1.920,3.990,6.810
2016.4583,2.590,4.040,7.080
2016.5417,2.820,4.300,6.850
2016.6250,2.820,4.250,7.420
2016.7083,2.990,3.960,7.790
2016.7917,2.980,4.010,7.930
2016.8750,2.550,4.540,7.160
2016.9583,3.590,5.160,7.090
2017.0417,3.300,6.278,9.174
2017.1250,2.850,6.100,7.128
2017.2083,2.880,4.945,5.795
2017.2917,3.100,5.035,5.710
2017.3750,3.150,5.077,5.719
2017.4583,2.980,4.984,5.524
2017.5417,2.980,5.096,5.632
2017.6250,2.900,5.536,6.131
2017.7083,2.980,6.041,7.084
2017.7917,2.880,5.893,8.793
2017.8750,3.010,6.734,9.571
2017.9583,2.820,7.210,10.709
2018.0417,3.870,6.648,11.670
2018.1250,2.670,7.841,10.471
2018.2083,2.690,8.536,8.461
2018.2917,2.800,7.065,7.475
2018.3750,2.800,7.461,8.613
2018.4583,2.970,7.504,10.438
2018.5417,2.830,7.621,9.972
2018.6250,2.960,8.104,10.590
2018.7083,3.000,9.519,11.090
2018.7917,3.280,8.596,10.036
2018.8750,4.090,8.204,9.777
2018.9583,4.040,7.893,8.952
2019.0417,3.110,7.161,8.286
2019.1250,2.690,5.986,6.501
2019.2083,2.950,5.197,5.245
2019.2917,2.650,4.953,5.080
2019.3750,2.640,4.360,5.033
2019.4583,2.400,3.483,4.389
2019.5417,2.370,3.596,4.419
2019.6250,2.220,3.270,4.280
2019.7083,2.560,3.087,5.055
2019.7917,2.330,3.340,6.017
2019.8750,2.650,4.781,5.456
2019.9583,2.220,4.244,5.573
2020.0417,2.020,3.626,4.914
2020.1250,1.910,2.995,2.920
2020.2083,1.790,2.790,3.279
2020.2917,1.740,2.084,2.126
2020.3750,1.750,1.463,2.032
2020.4583,1.630,1.647,2.050
2020.5417,1.760,1.641,2.287
2020.6250,2.300,2.612,3.626
2020.7083,1.920,3.855,4.610
2020.7917,2.390,4.814,6.122
2020.8750,2.610,4.784,6.822
2020.9583,2.580,5.829,11.609
2021.0417,2.710,7.303,20.415
2021.1250,5.350,6.171,7.169
2021.2083,2.620,6.205,6.443
2021.2917,2.660,7.283,7.894
2021.3750,2.910,9.005,10.014
2021.4583,3.260,10.324,12.017
2021.5417,3.840,12.524,14.097
2021.6250,4.070,15.279,16.644
2021.7083,5.160,22.233,24.063
2021.7917,5.510,29.814,35.065
2021.8750,5.050,27.384,31.964
2021.9583,3.760,37.363,37.420
2022.0417,4.380,27.891,26.828
2022.1250,4.690,26.984,27.823
2022.2083,4.900,41.728,38.736
2022.2917,6.600,31.990,29.015
2022.3750,8.140,27.464,21.938
2022.4583,7.700,32.913,29.538
2022.5417,7.280,51.146,41.170
2022.6250,8.810,69.977,54.158
2022.7083,7.880,55.179,44.682
2022.7917,5.660,20.807,29.742
2022.8750,5.450,28.791,25.218
2022.9583,5.530,35.369,30.717
2023.0417,3.270,19.886,20.686
2023.1250,2.380,16.737,15.962
2023.2083,2.310,13.870,13.350
2023.2917,2.160,13.684,12.011
2023.3750,2.150,9.970,9.901
2023.4583,2.180,10.294,10.107
2023.5417,2.550,9.612,10.881
2023.6250,2.580,10.717,11.753
2023.7083,2.640,11.428,13.152
2023.7917,2.980,13.389,15.293
2023.8750,2.710,13.714,15.414
2023.9583,2.520,11.296,13.052
2024.0417,3.180,9.531,10.017
2024.1250,1.720,8.098,8.822
2024.2083,1.490,8.511,8.993
2024.2917,1.600,9.130,9.794
2024.3750,2.120,10.110,10.847
2024.4583,2.540,10.807,12.368
2024.5417,2.070,10.240,11.995
2024.6250,1.990,12.194,13.213
2024.7083,2.280,11.751,13.090
2024.7917,2.200,12.755,13.113
2024.8750,2.120,13.811,14.025
2024.9583,3.010,13.757,14.225
2025.0417,4.130,14.759,14.126
2025.1250,4.190,15.376,14.721
2025.2083,4.120,13.156,13.118
2025.2917,3.420,11.572,11.569
2025.3750,3.120,11.624,11.678
2025.4583,3.020,12.301,12.963
2025.5417,3.200,11.471,12.261
2025.6250,2.910,10.975,11.521
2025.7083,2.970,11.003,11.277
2025.7917,3.190,10.897,10.842
2025.8750,3.790,10.355,11.067
2025.9583,4.260,9.460,9.910
2026.0417,7.720,11.987,10.435
2026.1250,3.620,11.190,10.752
2026.2083,3.040,17.670,20.812
2026.2917,2.770,15.393,16.569
2026.3750,2.940,16.153,18.101
2026.4583,3.150,15.092,17.189
2026.5417,2.890,17.930,19.562
