t,q,pd
0.0,100.0000,0.0000
0.1,99.9000,0.1000
0.2,99.8002,0.1998
0.3,99.7004,0.2996
0.4,99.6008,0.3992
0.5,99.5012,0.4988
0.6,99.4018,0.5982
0.7,99.3024,0.6976
0.8,99.2032,0.7968
0.9,99.1040,0.8960
1.0,99.0050,0.9950
1.1,98.8555,1.1445
1.2,98.7062,1.2938
1.3,98.5571,1.4429
1.4,98.4082,1.5918
1.5,98.2596,1.7404
1.6,98.1112,1.8888
1.7,97.9630,2.0370
1.8,97.8151,2.1849
1.9,97.6673,2.3327
2.0,97.5198,2.4802
2.1,97.3213,2.6787
2.2,97.1232,2.8768
2.3,96.9255,3.0745
2.4,96.7282,3.2718
2.5,96.5313,3.4687
2.6,96.3348,3.6652
2.7,96.1387,3.8613
2.8,95.9430,4.0570
2.9,95.7477,4.2523
3.0,95.5527,4.4473
3.1,95.2796,4.7204
3.2,95.0072,4.9928
3.3,94.7356,5.2644
3.4,94.4648,5.5352
3.5,94.1948,5.8052
3.6,93.9255,6.0745
3.7,93.6570,6.3430
3.8,93.3893,6.6107
3.9,93.1223,6.8777
4.0,92.8561,7.1439
4.1,92.5907,7.4093
4.2,92.3260,7.6740
4.3,92.0621,7.9379
4.4,91.7989,8.2011
4.5,91.5365,8.4635
4.6,91.2748,8.7252
4.7,91.0139,8.9861
4.8,90.7538,9.2462
4.9,90.4943,9.5057
5.0,90.2356,9.7644
5.1,89.9627,10.0373
5.2,89.6905,10.3095
5.3,89.4192,10.5808
5.4,89.1487,10.8513
5.5,88.8790,11.1210
5.6,88.6102,11.3898
5.7,88.3421,11.6579
5.8,88.0749,11.9251
5.9,87.8085,12.1915
6.0,87.5429,12.4571
6.1,87.2780,12.7220
6.2,87.0140,12.9860
6.3,86.7508,13.2492
6.4,86.4884,13.5116
6.5,86.2268,13.7732
6.6,85.9659,14.0341
6.7,85.7059,14.2941
6.8,85.4466,14.5534
6.9,85.1881,14.8119
7.0,84.9304,15.0696
7.1,84.6487,15.3513
7.2,84.3678,15.6322
7.3,84.0879,15.9121
7.4,83.8089,16.1911
7.5,83.5309,16.4691
7.6,83.2537,16.7463
7.7,82.9775,17.0225
7.8,82.7022,17.2978
7.9,82.4278,17.5722
8.0,82.1543,17.8457
8.1,81.8818,18.1182
8.2,81.6101,18.3899
8.3,81.3393,18.6607
8.4,81.0695,18.9305
8.5,80.8005,19.1995
8.6,80.5324,19.4676
8.7,80.2652,19.7348
8.8,79.9989,20.0011
8.9,79.7335,20.2665
9.0,79.4690,20.5310
9.1,79.2053,20.7947
9.2,78.9425,21.0575
9.3,78.6806,21.3194
9.4,78.4196,21.5804
9.5,78.1594,21.8406
9.6,77.9001,22.0999
9.7,77.6416,22.3584
9.8,77.3840,22.6160
9.9,77.1273,22.8727
10.0,76.8714,23.1286
