hours,k0,k1,k2,k3
0.000,1.00000,1.00000,1.00000,1.00000
0.250,0.96154,0.95023,0.92346,0.73514
0.500,0.92308,0.90186,0.85232,0.54043
0.750,0.88462,0.85482,0.78616,0.39729
1.000,0.84615,0.80905,0.72460,0.29207
1.250,0.80769,0.76448,0.66729,0.21471
1.500,0.76923,0.72104,0.61388,0.15784
1.750,0.73077,0.67867,0.56405,0.11604
2.000,0.69231,0.63730,0.51753,0.08530
2.250,0.65385,0.59687,0.47404,0.06271
2.500,0.61538,0.55732,0.43332,0.04610
2.750,0.57692,0.51860,0.39513,0.03389
3.000,0.53846,0.48065,0.35926,0.02491
3.250,0.50000,0.44341,0.32549,0.01831
3.500,0.46154,0.40682,0.29362,0.01346
3.750,0.42308,0.37084,0.26347,0.00989
4.000,0.38462,0.33541,0.23486,0.00726
4.250,0.34615,0.30047,0.20763,0.00533
4.500,0.30769,0.26597,0.18160,0.00390
4.750,0.26923,0.23187,0.15665,0.00285
5.000,0.23077,0.19811,0.13261,0.00207
5.250,0.19231,0.16465,0.10934,0.00149
5.500,0.15385,0.13143,0.08671,0.00105
5.750,0.11538,0.09840,0.06460,0.00071
6.000,0.07692,0.06552,0.04285,0.00044
6.250,0.03846,0.03274,0.02136,0.00021
6.500,0.00000,0.00000,0.00000,0.00000
