minute,max_age
0,0.132
1,0.138
2,0.215
3,0.135
4,0.144
5,0.125
6,0.167
7,0.372
8,0.204
9,0.217
10,0.148
11,0.112
12,0.152
13,0.145
14,0.198
15,0.188
16,0.117
17,0.149
18,0.104
19,0.231
20,0.155
21,0.266
22,0.192
23,0.141
24,0.162
25,0.135
26,0.139
27,0.134
28,0.198
29,0.302
30,2.085
31,0.221
32,0.121
33,0.148
34,0.150
35,0.159
36,0.154
37,0.162
38,0.172
39,0.145
40,0.151
41,0.174
42,0.125
43,0.112
44,0.131
45,0.225
46,2.040
47,0.132
48,0.167
49,0.183
50,0.207
51,0.220
52,0.142
53,0.209
54,0.193
55,0.174
56,0.173
57,0.220
58,0.178
59,0.138
60,0.167
61,0.170
62,0.147
63,0.192
64,0.184
65,0.155
66,0.180
67,0.125
68,0.215
69,0.149
70,0.129
71,0.141
72,0.215
73,0.198
74,0.196
75,0.149
76,0.248
77,0.166
78,0.119
79,0.170
80,0.227
81,0.172
82,0.141
83,0.159
84,0.194
85,0.146
86,0.231
87,0.138
88,0.132
89,0.185
90,0.129
91,0.115
92,0.149
93,0.180
94,0.169
95,0.196
96,0.111
97,0.128
98,0.149
99,0.144
100,0.172
101,0.167
102,0.140
103,0.121
104,0.146
105,0.162
106,2.053
107,0.208
108,0.298
109,0.132
110,0.133
111,0.223
112,0.152
113,0.131
114,0.155
115,0.105
116,0.138
117,0.159
118,0.402
119,0.176
120,0.157
121,0.122
122,0.169
123,0.186
124,0.132
125,0.141
126,0.128
127,0.152
128,0.142
129,0.190
130,0.140
131,0.149
132,0.155
133,0.196
134,0.273
135,0.196
136,0.211
137,0.128
138,0.114
139,0.173
140,0.161
141,0.160
142,0.123
143,0.144
144,0.129
145,0.191
146,0.162
147,0.139
148,0.185
149,0.372
150,0.205
151,0.148
152,0.110
153,0.135
154,0.112
155,0.154
156,0.126
157,0.172
158,0.229
159,0.136
160,0.157
161,0.168
162,0.131
163,0.190
164,0.183
165,0.166
166,0.138
167,0.140
168,0.163
169,0.219
170,0.156
171,0.259
172,0.131
173,0.180
174,0.151
175,0.170
176,0.128
177,0.221
178,0.108
179,0.125
180,0.164
181,0.128
182,0.114
183,0.139
184,0.241
185,0.125
186,0.134
187,0.193
188,0.133
189,0.158
190,0.118
191,0.161
192,0.140
193,0.142
194,0.175
195,0.136
196,0.130
197,0.158
198,0.337
199,0.129
200,0.171
201,0.191
202,0.122
203,0.164
204,0.209
205,0.098
206,0.196
207,0.220
208,0.144
209,0.196
210,0.263
211,0.156
212,0.129
213,0.186
214,0.172
215,0.120
216,0.117
217,0.249
218,0.165
219,0.189
220,0.182
221,0.223
222,0.136
223,0.127
224,0.117
225,0.228
226,0.135
227,0.144
228,0.185
229,0.131
230,0.232
231,0.181
232,0.145
233,0.190
234,0.154
235,0.145
236,0.174
237,0.160
238,0.239
239,0.139
240,0.263
241,0.176
242,0.210
243,0.150
244,0.175
245,0.149
246,0.136
247,0.150
248,0.126
249,0.157
250,0.157
251,0.129
252,0.212
253,0.152
254,0.280
255,0.122
256,0.123
257,0.191
258,0.173
259,0.134
260,0.221
261,0.223
262,0.142
263,0.162
264,0.154
265,0.158
266,0.271
267,0.119
268,0.147
269,0.148
270,0.339
271,0.130
272,0.108
273,0.242
274,0.120
275,0.135
276,0.133
277,0.166
278,0.162
279,0.147
280,0.116
281,0.111
282,0.143
283,0.189
284,0.200
285,0.169
286,0.106
287,0.201
288,0.115
289,0.125
290,0.195
291,0.168
292,0.305
293,0.145
294,0.146
295,0.150
296,0.146
297,0.195
298,0.163
299,0.174
300,0.196
301,0.124
302,0.128
303,0.157
304,22.097
305,56.092
306,0.113
307,0.131
308,0.142
309,0.167
310,0.160
311,0.172
312,0.157
313,0.121
314,0.255
315,0.168
316,0.153
317,0.180
318,0.122
319,0.116
320,0.128
321,1.022
322,2.041
323,0.125
324,0.168
325,0.124
326,0.146
327,0.143
328,0.146
329,0.129
330,0.143
331,0.168
332,0.236
333,0.177
334,0.155
335,0.164
336,0.115
337,0.148
338,0.196
339,0.125
340,0.222
341,0.166
342,0.116
343,0.190
344,0.163
345,0.219
346,0.159
347,0.222
348,0.161
349,0.239
350,0.134
351,0.117
352,0.122
353,0.118
354,0.170
355,0.139
356,0.151
357,0.216
358,0.127
359,0.243
360,0.142
361,0.117
362,0.121
363,0.178
364,0.141
365,0.143
366,0.195
367,0.175
368,0.170
369,0.126
370,0.141
371,0.132
372,0.195
373,0.149
374,0.132
375,0.192
376,0.182
377,0.137
378,0.166
379,0.133
380,0.181
381,0.184
382,0.142
383,0.148
384,0.145
385,0.173
386,0.138
387,0.134
388,0.153
389,0.234
