price,call_coin,put_coin
30000,0.00000,2.00000
35000,0.00000,1.57143
40000,0.00000,1.25000
45000,0.00000,1.00000
50000,0.00000,0.80000
55000,0.00000,0.63636
60000,0.00000,0.50000
65000,0.00000,0.38462
70000,0.00000,0.28571
75000,0.00000,0.20000
80000,0.00000,0.12500
85000,0.00000,0.05882
90000,0.00000,0.00000
95000,0.05263,0.00000
100000,0.10000,0.00000
105000,0.14286,0.00000
110000,0.18182,0.00000
115000,0.21739,0.00000
120000,0.25000,0.00000
125000,0.28000,0.00000
130000,0.30769,0.00000
135000,0.33333,0.00000
140000,0.35714,0.00000
145000,0.37931,0.00000
150000,0.40000,0.00000
155000,0.41935,0.00000
160000,0.43750,0.00000
165000,0.45455,0.00000
170000,0.47059,0.00000
175000,0.48571,0.00000
180000,0.50000,0.00000
