day,hs,fhs,floored
-300,2.799,2.863,4.397
-299,2.799,2.838,4.379
-298,2.799,2.817,4.363
-297,2.799,2.927,4.445
-296,2.799,2.945,4.458
-295,2.869,3.338,4.753
-294,2.869,3.287,4.715
-293,2.869,3.244,4.683
-292,2.869,3.240,4.680
-291,2.869,3.211,4.658
-290,2.869,3.294,4.720
-289,2.869,3.252,4.689
-288,2.869,3.210,4.657
-287,2.869,3.161,4.621
-286,2.869,3.121,4.591
-285,2.869,3.075,4.557
-284,2.869,3.030,4.523
-283,2.869,3.137,4.603
-282,2.799,3.136,4.602
-281,2.799,3.158,4.618
-280,2.799,3.166,4.625
-279,2.799,3.120,4.590
-278,2.799,3.084,4.563
-277,2.799,3.079,4.560
-276,2.799,3.119,4.589
-275,2.799,3.072,4.554
-274,2.799,3.043,4.533
-273,2.799,3.059,4.545
-272,2.799,3.016,4.512
-271,2.799,3.003,4.503
-270,2.799,2.973,4.480
-269,2.799,2.930,4.447
-268,2.799,2.886,4.414
-267,2.799,2.842,4.382
-266,2.799,2.827,4.370
-265,2.799,2.785,4.339
-264,2.737,2.744,4.308
-263,2.737,2.795,4.346
-262,2.737,2.845,4.384
-261,2.737,2.860,4.395
-260,2.737,2.836,4.377
-259,2.737,2.855,4.391
-258,2.737,2.826,4.370
-257,2.737,2.792,4.344
-256,2.737,2.940,4.455
-255,2.737,2.903,4.427
-254,2.737,2.865,4.398
-253,2.737,2.845,4.383
-252,2.737,2.803,4.352
-251,2.737,2.876,4.407
-250,2.737,2.861,4.396
-249,2.737,2.843,4.382
-248,2.737,2.881,4.411
-247,2.737,2.884,4.413
-246,2.737,3.046,4.534
-245,2.708,3.022,4.516
-244,2.708,3.118,4.589
-243,2.708,3.318,4.738
-242,2.708,3.277,4.708
-241,2.708,3.392,4.794
-240,2.708,3.525,4.894
-239,2.708,3.486,4.864
-238,2.708,3.433,4.825
-237,2.708,3.382,4.786
-236,2.708,3.335,4.751
-235,2.708,3.311,4.733
-234,2.708,3.355,4.767
-233,2.708,3.613,4.960
-232,2.708,3.590,4.942
-231,2.708,3.538,4.903
-230,2.708,3.513,4.885
-229,2.708,3.465,4.849
-228,2.708,3.456,4.842
-227,2.708,3.433,4.825
-226,2.708,3.424,4.818
-225,2.708,3.391,4.793
-224,2.708,3.340,4.755
-223,2.708,3.297,4.723
-222,2.708,3.249,4.687
-221,2.708,3.218,4.663
-220,2.708,3.233,4.675
-219,2.708,3.259,4.694
-218,2.708,3.250,4.687
-217,2.708,3.290,4.718
-216,2.708,3.247,4.686
-215,2.708,3.221,4.666
-214,2.708,3.379,4.784
-213,2.708,3.329,4.747
-212,2.708,3.381,4.786
-211,2.708,3.344,4.758
-210,2.708,3.389,4.792
-209,2.708,3.392,4.794
-208,2.716,3.545,4.909
-207,2.716,3.531,4.898
-206,2.716,3.512,4.884
-205,2.716,3.481,4.861
-204,2.716,3.435,4.826
-203,2.716,3.410,4.808
-202,2.716,3.388,4.791
-201,2.716,3.390,4.792
-200,2.716,3.503,4.877
-199,2.716,3.542,4.907
-198,2.716,3.509,4.882
-197,2.716,3.458,4.844
-196,2.716,3.417,4.813
-195,2.716,3.404,4.803
-194,2.716,3.383,4.787
-193,2.716,3.337,4.752
-192,2.716,3.345,4.759
-191,2.716,3.548,4.911
-190,2.716,3.495,4.871
-189,2.716,3.534,4.901
-188,2.716,3.516,4.887
-187,2.716,3.463,4.847
-186,2.716,3.460,4.845
-185,2.716,3.434,4.826
-184,2.716,3.511,4.883
-183,2.716,3.474,4.855
-182,2.716,3.430,4.822
-181,2.716,3.391,4.793
-180,2.716,3.340,4.755
-179,2.716,3.291,4.718
-178,2.716,3.242,4.682
-177,2.716,3.234,4.676
-176,2.716,3.186,4.639
-175,2.716,3.141,4.606
-174,2.716,3.187,4.640
-173,2.716,3.140,4.605
-172,2.716,3.102,4.576
-171,2.716,3.056,4.542
-170,2.716,3.077,4.558
-169,2.716,3.062,4.547
-168,2.716,3.020,4.515
-167,2.716,3.030,4.522
-166,2.716,2.990,4.493
-165,2.716,2.968,4.476
-164,2.716,2.923,4.442
-163,2.716,2.898,4.424
-162,2.716,2.855,4.391
-161,2.716,2.857,4.393
-160,2.716,2.814,4.360
-159,2.716,2.776,4.332
-158,2.716,2.736,4.302
-157,2.716,2.699,4.274
-156,2.716,3.017,4.513
-155,2.716,2.997,4.498
-154,2.716,2.956,4.467
-153,2.716,2.912,4.434
-152,2.716,2.911,4.433
-151,2.716,2.873,4.404
-150,2.716,2.833,4.374
-149,2.716,2.799,4.349
-148,2.716,2.760,4.320
-147,2.716,2.720,4.290
-146,2.716,2.721,4.291
-145,2.716,2.688,4.266
-144,2.716,2.700,4.275
-143,2.716,2.676,4.257
-142,2.716,2.707,4.280
-141,2.716,2.683,4.262
-140,2.716,2.654,4.240
-139,2.716,2.671,4.253
-138,2.716,2.645,4.234
-137,2.716,2.606,4.205
-136,2.716,2.567,4.175
-135,2.716,2.529,4.147
-134,2.716,2.518,4.139
-133,2.716,2.506,4.130
-132,2.716,2.469,4.102
-131,2.716,2.438,4.078
-130,2.716,2.404,4.053
-129,2.716,2.431,4.073
-128,2.716,2.415,4.062
-127,2.716,2.395,4.046
-126,2.716,2.495,4.121
-125,2.716,2.483,4.112
-124,2.716,2.618,4.214
-123,2.716,2.580,4.185
-122,2.716,2.635,4.227
-121,2.716,2.722,4.292
-120,2.716,2.685,4.264
-119,2.716,2.665,4.249
-118,2.716,2.736,4.302
-117,2.716,2.706,4.280
-116,2.716,2.716,4.287
-115,2.716,2.709,4.282
-114,2.716,2.716,4.287
-113,2.716,2.685,4.264
-112,2.716,2.696,4.272
-111,2.716,2.661,4.246
-110,2.716,2.679,4.260
-109,2.716,2.651,4.238
-108,2.716,2.613,4.210
-107,2.716,2.796,4.347
-106,2.716,2.762,4.321
-105,2.716,2.720,4.290
-104,2.716,2.680,4.260
-103,2.799,3.062,4.547
-102,2.799,3.067,4.550
-101,2.799,3.025,4.519
-100,2.799,2.992,4.494
-99,2.799,2.952,4.464
-98,2.799,2.947,4.460
-97,2.799,2.933,4.450
-96,2.799,2.919,4.439
-95,2.799,2.892,4.419
-94,2.799,2.853,4.390
-93,2.799,2.830,4.373
-92,2.799,2.945,4.459
-91,2.799,2.908,4.431
-90,2.799,2.878,4.409
-89,2.799,2.954,4.466
-88,2.799,2.932,4.449
-87,2.799,2.888,4.416
-86,2.799,2.866,4.400
-85,2.799,2.826,4.370
-84,2.799,3.110,4.583
-83,2.799,3.068,4.551
-82,2.799,3.059,4.544
-81,2.799,3.019,4.515
-80,2.799,2.977,4.483
-79,2.799,3.063,4.547
-78,2.799,3.057,4.543
-77,2.799,3.059,4.544
-76,2.799,3.052,4.539
-75,2.799,3.006,4.505
-74,2.799,2.973,4.480
-73,2.799,2.934,4.450
-72,2.799,2.908,4.431
-71,2.799,2.949,4.462
-70,2.799,2.921,4.441
-69,2.799,2.878,4.408
-68,2.723,2.866,4.399
-67,2.723,2.823,4.367
-66,2.723,2.841,4.380
-65,2.723,2.812,4.359
-64,2.723,2.770,4.327
-63,2.723,2.735,4.302
-62,2.786,2.999,4.499
-61,2.786,2.956,4.467
-60,2.786,3.116,4.587
-59,2.786,3.092,4.569
-58,2.786,3.146,4.609
-57,2.786,3.182,4.636
-56,2.786,3.135,4.601
-55,2.786,3.088,4.566
-54,2.786,3.053,4.540
-53,2.786,3.018,4.513
-52,2.786,2.987,4.491
-51,2.786,3.035,4.526
-50,2.702,2.900,4.425
-49,2.702,2.867,4.400
-48,2.702,2.824,4.368
-47,2.702,2.956,4.467
-46,2.702,3.060,4.545
-45,2.611,2.803,4.352
-44,2.611,2.773,4.329
-43,2.611,2.741,4.306
-42,2.611,2.704,4.278
-41,2.611,2.668,4.251
-40,2.611,2.629,4.221
-39,2.611,2.612,4.209
-38,2.611,2.600,4.200
-37,2.611,2.567,4.175
-36,2.611,2.551,4.163
-35,2.611,2.512,4.134
-34,2.611,2.477,4.108
-33,2.611,2.509,4.132
-32,2.611,2.583,4.187
-31,2.611,2.587,4.191
-30,2.611,2.556,4.167
-29,2.611,2.520,4.140
-28,2.611,2.496,4.122
-27,2.611,2.563,4.172
-26,2.611,2.525,4.144
-25,2.611,2.487,4.115
-24,2.611,2.480,4.110
-23,2.611,2.467,4.100
-22,2.611,2.430,4.073
-21,2.611,2.483,4.112
-20,2.611,2.593,4.195
-19,2.611,2.681,4.261
-18,2.611,2.649,4.237
-17,2.611,2.638,4.228
-16,2.611,2.611,4.208
-15,2.611,2.571,4.178
-14,2.611,2.590,4.192
-13,2.611,2.681,4.261
-12,2.611,2.647,4.235
-11,2.611,2.607,4.206
-10,2.611,2.628,4.221
-9,2.611,2.590,4.193
-8,2.611,2.561,4.171
-7,2.611,2.532,4.149
-6,2.611,2.499,4.124
-5,2.611,2.478,4.109
-4,2.611,2.442,4.082
-3,2.611,2.454,4.091
-2,2.611,2.419,4.064
-1,2.611,2.383,4.038
0,2.611,2.384,4.038
1,2.611,2.531,4.148
2,2.611,2.562,4.171
3,2.611,2.638,4.229
4,2.611,4.039,5.279
5,2.702,5.268,6.201
6,2.702,5.778,6.584
7,2.702,5.778,6.583
8,3.017,6.377,7.033
9,3.017,6.399,7.049
10,3.017,7.215,7.661
11,3.017,7.525,7.894
12,3.017,7.494,7.870
13,3.017,7.936,8.202
14,4.382,8.188,8.391
15,4.382,8.077,8.308
16,5.639,8.393,8.545
17,5.639,8.283,8.463
18,5.639,8.159,8.369
19,5.639,8.036,8.277
20,5.639,7.919,8.189
21,5.639,7.827,8.120
22,5.639,7.715,8.037
23,5.639,7.673,8.005
24,5.639,8.152,8.364
25,5.639,8.034,8.275
26,5.639,8.583,8.687
27,5.639,8.618,8.713
28,5.639,8.645,8.734
29,5.639,8.600,8.700
30,5.639,8.492,8.619
31,5.639,9.348,9.261
32,5.639,9.208,9.156
33,5.639,9.112,9.084
34,5.639,9.109,9.082
35,5.639,9.055,9.041
36,5.639,8.930,8.948
37,5.639,9.144,9.108
38,5.639,9.029,9.022
39,5.639,8.928,8.946
40,5.639,8.821,8.866
41,5.639,9.057,9.042
42,5.639,8.935,8.951
43,5.639,8.811,8.858
44,5.639,8.694,8.771
45,5.639,8.567,8.675
46,5.639,8.529,8.646
47,5.639,8.460,8.595
48,5.639,8.339,8.504
49,5.639,8.222,8.417
50,5.639,8.102,8.327
51,5.639,8.018,8.264
52,5.639,7.924,8.193
53,5.639,7.838,8.128
54,5.639,7.804,8.103
55,5.639,7.853,8.140
56,5.639,7.735,8.051
57,5.639,7.755,8.066
58,5.639,7.662,7.996
59,5.639,7.559,7.919
60,5.639,7.445,7.834
61,5.639,7.344,7.758
62,5.639,7.269,7.702
63,5.639,7.176,7.632
64,5.639,7.262,7.696
65,5.639,7.404,7.803
66,5.639,7.299,7.725
67,5.639,7.193,7.645
68,5.639,7.371,7.778
69,5.639,7.282,7.711
70,5.639,7.305,7.729
71,5.639,7.208,7.656
72,5.639,7.104,7.578
73,5.639,6.997,7.498
74,5.639,7.049,7.537
75,5.639,6.979,7.484
76,5.639,6.890,7.418
77,5.639,6.835,7.376
78,5.639,6.837,7.378
79,5.639,6.761,7.321
80,5.639,6.667,7.250
81,5.639,6.593,7.194
82,5.639,6.497,7.123
83,5.639,6.555,7.166
84,5.639,6.459,7.094
85,5.639,6.472,7.104
86,5.639,6.379,7.034
87,5.639,6.284,6.963
88,5.639,6.196,6.897
89,5.639,6.112,6.834
90,5.639,6.078,6.809
91,5.639,6.013,6.759
92,5.639,5.930,6.698
93,5.639,5.964,6.723
94,5.639,5.899,6.674
95,5.639,5.810,6.608
96,5.639,5.723,6.542
97,5.639,5.842,6.632
98,5.639,5.754,6.565
99,5.639,5.667,6.500
100,5.639,5.582,6.436
101,5.639,5.514,6.386
102,5.639,5.444,6.333
103,5.639,5.367,6.276
104,5.639,5.291,6.218
105,5.639,5.211,6.158
106,5.639,5.216,6.162
107,5.639,5.164,6.123
108,5.639,5.090,6.067
109,5.639,5.133,6.099
110,5.639,5.057,6.043
111,5.639,4.981,5.986
112,5.639,4.976,5.982
113,5.639,4.900,5.925
114,5.639,4.885,5.914
115,5.639,4.860,5.895
116,5.639,4.834,5.876
117,5.639,4.761,5.821
118,5.639,4.709,5.781
119,5.639,4.649,5.737
120,5.639,4.672,5.754
121,5.639,4.629,5.721
122,5.639,4.559,5.669
123,5.639,4.508,5.631
124,5.639,4.466,5.599
125,5.639,4.418,5.564
126,5.639,4.352,5.514
127,5.639,4.313,5.485
128,5.639,4.393,5.545
129,5.639,4.365,5.524
130,5.639,4.446,5.585
131,5.639,4.383,5.537
132,5.639,4.377,5.533
133,5.639,4.327,5.495
134,5.639,4.268,5.451
135,5.639,4.221,5.416
136,5.639,4.199,5.399
137,5.639,4.139,5.355
138,5.639,4.077,5.308
139,5.639,4.063,5.298
140,5.639,4.021,5.266
141,5.639,4.040,5.280
142,5.639,3.995,5.246
143,5.639,3.961,5.220
144,5.639,3.986,5.240
145,5.639,3.971,5.229
146,5.639,3.938,5.204
147,5.639,3.661,4.996
148,5.639,3.648,4.986
149,5.639,3.619,4.964
150,5.639,3.566,4.925
151,5.639,3.523,4.892
152,5.639,3.522,4.892
153,5.639,3.472,4.854
154,5.639,3.466,4.850
155,5.639,3.463,4.847
156,5.639,3.410,4.808
157,5.639,3.391,4.793
158,5.639,3.484,4.863
159,5.639,3.437,4.828
160,5.639,3.405,4.804
161,5.639,3.359,4.769
162,5.639,3.308,4.731
163,5.639,3.268,4.701
164,5.639,3.223,4.667
165,5.639,3.176,4.632
166,5.639,3.159,4.619
167,5.639,3.111,4.583
168,5.639,3.069,4.552
169,5.639,3.028,4.521
170,5.639,2.998,4.498
171,5.639,3.092,4.569
172,5.639,3.058,4.544
173,5.639,3.016,4.512
174,5.639,2.971,4.479
175,5.639,2.946,4.459
176,5.639,2.935,4.451
177,5.639,2.916,4.437
178,5.639,2.882,4.411
179,5.639,2.846,4.385
180,5.639,2.844,4.383
181,5.639,2.816,4.362
182,5.639,2.877,4.407
183,5.639,2.836,4.377
184,5.639,2.796,4.347
185,5.639,2.843,4.382
186,5.639,2.804,4.353
187,5.639,2.788,4.341
188,5.639,2.458,4.093
189,5.639,2.456,4.092
190,5.639,2.419,4.064
191,5.639,2.402,4.051
192,5.639,2.505,4.129
193,5.639,2.523,4.142
194,5.639,2.524,4.143
195,5.639,2.528,4.146
196,5.639,2.539,4.154
197,5.639,2.514,4.135
198,5.639,2.497,4.123
199,5.639,2.490,4.118
200,5.639,2.454,4.091
201,5.639,2.562,4.172
202,5.639,2.534,4.151
203,5.639,2.519,4.139
204,5.639,2.486,4.115
205,5.639,2.453,4.090
206,5.639,2.420,4.065
207,5.639,2.468,4.101
208,5.639,2.478,4.108
209,5.639,2.446,4.084
210,5.639,2.426,4.069
211,5.639,2.401,4.051
212,5.639,2.433,4.075
213,5.639,2.411,4.059
214,5.639,2.381,4.035
215,5.639,2.358,4.018
216,5.639,2.323,3.992
217,5.639,2.292,3.969
218,5.639,2.258,3.944
219,5.639,2.232,3.924
220,5.639,2.273,3.955
221,5.639,2.468,4.101
222,5.639,2.628,4.221
223,5.639,2.589,4.192
224,5.639,2.890,4.417
225,5.639,2.870,4.402
226,5.639,2.843,4.382
227,5.639,2.804,4.353
228,5.639,2.764,4.323
229,5.639,2.775,4.331
230,5.639,2.760,4.320
231,5.639,2.749,4.312
232,5.639,2.708,4.281
233,5.639,2.698,4.273
234,5.639,2.665,4.249
235,5.639,2.672,4.254
236,5.639,2.633,4.224
237,5.639,2.598,4.199
238,5.639,2.578,4.183
239,5.639,2.574,4.180
240,5.639,2.573,4.180
241,5.639,2.535,4.151
242,5.639,2.509,4.131
243,5.639,2.506,4.130
244,5.639,2.603,4.202
245,5.639,2.572,4.179
246,5.639,2.539,4.154
247,5.639,2.561,4.171
248,5.639,2.524,4.143
249,5.639,2.519,4.139
250,5.639,2.481,4.110
251,5.639,2.445,4.084
252,5.639,2.474,4.105
253,5.639,2.446,4.085
254,5.639,2.418,4.063
255,5.016,2.325,3.993
256,5.016,2.318,3.989
257,5.016,2.308,3.981
258,4.419,2.276,3.957
259,4.419,2.242,3.931
260,4.419,2.291,3.968
261,4.419,2.257,3.943
262,4.419,2.337,4.003
263,4.419,2.310,3.983
264,4.018,2.317,3.988
265,4.018,2.297,3.973
266,3.622,2.293,3.970
267,3.622,2.265,3.949
268,3.622,2.308,3.981
269,3.622,2.284,3.963
270,3.622,2.251,3.938
271,3.622,2.329,3.996
272,3.622,2.295,3.971
273,3.622,2.349,4.012
274,3.622,2.314,3.986
275,3.622,2.282,3.961
276,3.622,2.651,4.238
277,3.478,2.611,4.208
278,3.478,2.579,4.184
279,3.478,2.590,4.192
280,3.478,2.567,4.175
281,3.478,2.544,4.158
282,3.478,2.722,4.292
283,3.478,2.703,4.278
284,3.448,2.669,4.252
285,3.448,2.701,4.275
286,3.448,2.661,4.246
287,3.448,2.627,4.220
288,3.448,2.731,4.298
289,3.448,2.720,4.290
290,3.448,2.794,4.346
291,3.448,2.754,4.316
292,3.448,2.768,4.326
293,3.448,2.731,4.299
294,3.448,2.728,4.296
295,3.448,2.696,4.272
296,3.448,2.857,4.393
297,3.448,2.816,4.362
298,3.448,2.799,4.350
299,3.448,2.773,4.330
