k,density
0.1097,-116.9287
0.1194,-108.6720
0.1291,-101.4470
0.1388,-95.0674
0.1485,-89.3900
0.1582,-84.3029
0.1679,-79.7172
0.1776,-75.5612
0.1873,-71.7766
0.1970,-68.3152
0.2067,-65.1371
0.2164,-62.2086
0.2261,-59.5014
0.2358,-56.9912
0.2455,-54.6572
0.2552,-52.4815
0.2649,-50.4487
0.2746,-48.5450
0.2843,-46.7586
0.2940,-45.0791
0.3037,-43.4972
0.3134,-42.0047
0.3231,-40.5943
0.3328,-39.2594
0.3425,-37.9941
0.3522,-36.7933
0.3619,-35.6522
0.3716,-34.5664
0.3813,-33.5321
0.3910,-32.5458
0.4007,-31.6041
0.4104,-30.7042
0.4201,-29.8434
0.4298,-29.0192
0.4395,-28.2293
0.4492,-27.4717
0.4589,-26.7444
0.4686,-26.0456
0.4783,-25.3738
0.4880,-24.7274
0.4977,-24.1050
0.5074,-23.5052
0.5171,-22.9270
0.5268,-22.3690
0.5365,-21.8303
0.5462,-21.3099
0.5559,-20.8069
0.5656,-20.3204
0.5753,-19.8496
0.5849,-19.3937
0.5946,-18.9521
0.6043,-18.5240
0.6140,-18.1088
0.6237,-17.7060
0.6334,-17.3149
0.6431,-16.9351
0.6528,-16.5661
0.6625,-16.2073
0.6722,-15.8584
0.6819,-15.5189
0.6916,-15.1885
0.7013,-14.8666
0.7110,-14.5531
0.7207,-14.2475
0.7304,-13.9496
0.7401,-13.6589
0.7498,-13.3753
0.7595,-13.0984
0.7692,-12.8280
0.7789,-12.5639
0.7886,-12.3057
0.7983,-12.0533
0.8080,-11.8065
0.8177,-11.5649
0.8274,-11.3285
0.8371,-11.0971
0.8468,-10.8704
0.8565,-10.6483
0.8662,-10.4305
0.8759,-10.2171
0.8856,-10.0077
0.8953,-9.8023
0.9050,-9.6007
0.9147,-9.4027
0.9244,-9.2083
0.9341,-9.0172
0.9438,-8.8295
0.9535,-8.6449
0.9632,-8.4634
0.9729,-8.2848
0.9826,-8.1090
0.9923,-7.9360
1.0020,-7.7656
1.0117,-7.5977
1.0214,-7.4323
1.0311,-7.2692
1.0408,-7.1084
1.0505,-6.9498
1.0602,-6.7932
1.0699,-6.6387
1.0796,-6.4862
1.0893,-6.3355
1.0990,-6.1866
1.1087,-6.0394
1.1184,-5.8939
1.1281,-5.7500
1.1378,-5.6076
1.1475,-5.4667
1.1572,-5.3272
1.1669,-5.1890
1.1766,-5.0521
1.1863,-4.9165
1.1960,-4.7820
1.2057,-4.6486
1.2154,-4.5162
1.2251,-4.3849
1.2348,-4.2546
1.2445,-4.1251
1.2542,-3.9965
1.2639,-3.8687
1.2736,-3.7417
1.2833,-3.6154
1.2930,-3.4897
1.3027,-3.3646
1.3124,-3.2402
1.3221,-3.1162
1.3318,-2.9928
1.3415,-2.8697
1.3512,-2.7471
1.3609,-2.6248
1.3706,-2.5029
1.3803,-2.3812
1.3900,-2.2597
1.3997,-2.1384
1.4094,-2.0173
1.4191,-1.8963
1.4288,-1.7753
1.4385,-1.6543
1.4482,-1.5334
1.4579,-1.4124
1.4676,-1.2912
1.4773,-1.1700
1.4870,-1.0485
1.4967,-0.9269
1.5064,-0.8050
1.5161,-0.6828
1.5258,-0.5602
1.5355,-0.4373
1.5452,-0.3139
1.5548,-0.1901
1.5645,-0.0658
1.5742,0.0590
1.5839,0.1845
1.5936,0.3105
1.6033,0.4373
1.6130,0.5647
1.6227,0.6929
1.6324,0.8218
1.6421,0.9516
1.6518,1.0823
1.6615,1.2139
1.6712,1.3465
1.6809,1.4801
1.6906,1.6147
1.7003,1.7505
1.7100,1.8874
1.7197,2.0254
1.7294,2.1648
1.7391,2.3054
1.7488,2.4473
1.7585,2.5907
1.7682,2.7354
1.7779,2.8817
1.7876,3.0295
1.7973,3.1789
1.8070,3.3299
1.8167,3.4826
1.8264,3.6371
1.8361,3.7934
1.8458,3.9515
1.8555,4.1116
1.8652,4.2736
1.8749,4.4377
1.8846,4.6038
1.8943,4.7721
1.9040,4.9426
1.9137,5.1154
1.9234,5.2906
1.9331,5.4681
1.9428,5.6481
1.9525,5.8306
1.9622,6.0158
1.9719,6.2036
1.9816,6.3941
1.9913,6.5875
2.0010,6.7837
2.0107,6.9829
2.0204,7.1851
2.0301,7.3904
2.0398,7.5988
2.0495,7.8106
2.0592,8.0256
2.0689,8.2441
2.0786,8.4660
2.0883,8.6915
2.0980,8.9207
2.1077,9.1535
2.1174,9.3902
2.1271,9.6308
2.1368,9.8754
2.1465,10.1240
2.1562,10.3768
2.1659,10.6338
2.1756,10.8952
2.1853,11.1610
2.1950,11.4313
2.2047,11.7062
2.2144,11.9857
2.2241,12.2701
2.2338,12.5593
2.2435,12.8535
2.2532,13.1527
2.2629,13.4570
2.2726,13.7666
2.2823,14.0815
2.2920,14.4019
2.3017,14.7277
2.3114,15.0591
2.3211,15.3961
2.3308,15.7390
2.3405,16.0876
2.3502,16.4422
2.3599,16.8028
2.3696,17.1694
2.3793,17.5422
2.3890,17.9212
2.3987,18.3066
2.4084,18.6982
2.4181,19.0963
2.4278,19.5009
2.4375,19.9119
2.4472,20.3296
2.4569,20.7539
2.4666,21.1848
2.4763,21.6224
2.4860,22.0667
2.4957,22.5177
2.5054,22.9754
2.5151,23.4399
2.5247,23.9111
2.5344,24.3889
2.5441,24.8735
2.5538,25.3646
2.5635,25.8624
2.5732,26.3666
2.5829,26.8773
2.5926,27.3943
2.6023,27.9175
2.6120,28.4469
2.6217,28.9822
2.6314,29.5234
2.6411,30.0703
2.6508,30.6227
2.6605,31.1803
2.6702,31.7430
2.6799,32.3106
2.6896,32.8827
2.6993,33.4591
2.7090,34.0395
2.7187,34.6236
2.7284,35.2110
2.7381,35.8013
2.7478,36.3943
2.7575,36.9894
2.7672,37.5862
2.7769,38.1843
2.7866,38.7832
2.7963,39.3823
2.8060,39.9813
2.8157,40.5794
2.8254,41.1762
2.8351,41.7710
2.8448,42.3632
2.8545,42.9522
2.8642,43.5373
2.8739,44.1179
2.8836,44.6932
2.8933,45.2626
2.9030,45.8253
2.9127,46.3806
2.9224,46.9276
2.9321,47.4658
2.9418,47.9942
2.9515,48.5122
2.9612,49.0188
2.9709,49.5135
2.9806,49.9952
2.9903,50.4634
