fy,versus,level,n_trading,emp_trading,n_other,emp_other,median_trading,median_other,ratio,ratio_lo,ratio_hi,diff,diff_lo,diff_hi
2021,bank,all,154,16,2142,4,165000,125000,1.3200,1.2800,1.4000,40000,35000,50000
2021,bank,II,34,10,181,4,175000,115000,1.5217,1.4078,1.6818,60000,47797,77419
2021,bank,III,16,6,355,4,150000,125000,1.2000,0.9778,1.3200,25000,-2779,40000
2021,bank,IV,86,13,735,4,175000,145000,1.2069,1.1255,1.3103,30000,18400,45000
2021,exchange,all,154,16,166,4,165000,124500,1.3253,1.2851,1.4200,40500,35500,52004
2021,exchange,II,34,10,36,4,175000,87750,1.9943,1.7395,2.1802,87250,71950,103400
2021,exchange,III,16,6,18,3,150000,126250,1.1881,0.9240,1.3137,23750,-10527,38800
2021,exchange,IV,86,13,77,4,175000,144000,1.2153,1.1458,1.3333,31000,21000,47610
2025,bank,all,255,18,4790,8,185000,155688,1.1883,1.1571,1.2300,29312,24437,35805
2025,bank,I,27,7,174,6,120000,105000,1.1429,0.7801,1.4286,15000,-23902,45000
2025,bank,II,76,15,700,8,175000,139550,1.2540,1.1419,1.3819,35450,19809,52820
2025,bank,III,44,13,911,7,193500,163800,1.1813,1.1212,1.2667,29700,20000,43502
2025,bank,IV,107,16,1962,8,195000,167050,1.1673,1.1068,1.2898,27950,17898,48306
2025,exchange,all,255,18,296,4,185000,147900,1.2508,1.2170,1.3411,37100,32100,48200
2025,exchange,II,76,15,63,3,175000,105300,1.6619,1.4642,1.8091,69700,50550,85200
2025,exchange,III,44,13,62,3,193500,130800,1.4794,1.3484,1.5808,62700,49599,75500
2025,exchange,IV,107,16,126,4,195000,149800,1.3017,1.2350,1.4352,45200,35200,65200
