fy,level,n_dev,n_quant,median_dev,median_quant,diff,diff_lo,diff_hi,ratio,ratio_lo,ratio_hi
2021,all,2462,949,126000,115000,11000,5000,12950,1.0957,1.0417,1.1126
2021,I,29,264,75700,85000,-9300,-15905,7950,0.8906,0.8233,1.0935
2021,II,251,393,115000,116584,-1584,-8000,6751,0.9864,0.9333,1.0609
2021,III,389,188,125000,144125,-19125,-25000,-15000,0.8673,0.8333,0.8929
2021,IV,898,82,145500,168105,-22605,-29500,-14596,0.8655,0.8314,0.9095
2025,all,5531,1294,155000,150000,5000,-372,5688,1.0333,0.9976,1.0379
2025,I,212,100,105000,112500,-7500,-21500,9000,0.9333,0.8288,1.0938
2025,II,892,655,139300,140000,-700,-6500,5000,0.9950,0.9545,1.0370
2025,III,1086,343,164000,175000,-11000,-19038,-6600,0.9371,0.8944,0.9615
2025,IV,2221,185,167300,194392,-27092,-37500,-19900,0.8606,0.8171,0.8946
