t,sum_ee,net_ee,net_ene
0,0,0,0
0.038462,1.3375,1.2311,-1.2316
0.076923,1.8883,1.74,-1.7412
0.11538,2.3348,2.1516,-2.1528
0.15385,2.6955,2.4895,-2.4912
0.19231,3.0405,2.798,-2.7966
0.23077,3.296,3.0402,-3.0391
0.26923,3.5508,3.254,-3.2539
0.30769,3.7814,3.4642,-3.4648
0.34615,4.0205,3.6672,-3.6712
0.38462,4.2856,3.9017,-3.9049
0.42308,4.4765,4.0698,-4.0658
0.46154,4.6067,4.1807,-4.1864
0.5,4.7432,4.3139,-4.3192
0.53846,4.9088,4.4381,-4.4476
0.57692,5.1502,4.659,-4.6688
0.61538,5.3461,4.8251,-4.8408
0.65385,5.533,5.0192,-5.0389
0.69231,5.6586,5.1287,-5.1536
0.73077,5.8065,5.2873,-5.313
0.76923,6.0278,5.4778,-5.4997
0.80769,6.1894,5.6142,-5.6418
0.84615,6.2914,5.6988,-5.7306
0.88462,6.4536,5.8462,-5.8796
0.92308,6.6274,6.0202,-6.0499
0.96154,6.7223,6.0649,-6.1041
1,6.0208,5.3662,-6.9934
1.0385,6.1804,5.52,-7.1522
1.0769,6.2828,5.6064,-7.2532
1.1154,6.3995,5.7146,-7.3622
1.1538,6.5144,5.814,-7.4716
1.1923,6.6291,5.916,-7.5778
1.2308,6.6995,5.9484,-7.6197
1.2692,6.745,5.973,-7.6541
1.3077,6.8061,6.0076,-7.6981
1.3462,6.8872,6.0651,-7.7761
1.3846,6.978,6.1056,-7.8253
1.4231,7.0685,6.1774,-7.909
1.4615,7.1695,6.2656,-8.0096
1.5,7.271,6.3377,-8.0825
1.5385,7.3632,6.4314,-8.182
1.5769,7.4637,6.5095,-8.2578
1.6154,7.525,6.5628,-8.3245
1.6538,7.6181,6.6373,-8.4048
1.6923,7.7061,6.7213,-8.5044
1.7308,7.7953,6.7994,-8.5925
1.7692,7.8726,6.8863,-8.6844
1.8077,7.9782,6.9637,-8.7727
1.8462,8.0424,7.0306,-8.8522
1.8846,8.1067,7.0815,-8.9123
1.9231,8.2018,7.1757,-9.018
1.9615,8.3028,7.272,-9.1155
2,7.2324,6.2889,-10.029
2.0385,7.2625,6.3229,-10.078
2.0769,7.3316,6.3931,-10.158
2.1154,7.3897,6.43,-10.212
2.1538,7.4689,6.5047,-10.3
2.1923,7.4889,6.5129,-10.319
2.2308,7.5972,6.6024,-10.422
2.2692,7.7036,6.6909,-10.517
2.3077,7.7771,6.7386,-10.577
2.3462,7.9034,6.8545,-10.707
2.3846,7.9947,6.9228,-10.783
2.4231,8.0745,7.0028,-10.864
2.4615,8.146,7.0375,-10.91
2.5,8.2306,7.1163,-11.008
2.5385,8.2653,7.1371,-11.042
2.5769,8.3773,7.2434,-11.161
2.6154,8.4331,7.2986,-11.233
2.6538,8.4758,7.3017,-11.256
2.6923,8.5226,7.3307,-11.299
2.7308,8.6288,7.3968,-11.39
2.7692,8.7115,7.4552,-11.465
2.8077,8.7921,7.5211,-11.54
2.8462,8.8319,7.558,-11.591
2.8846,8.8685,7.5544,-11.607
2.9231,8.9418,7.5934,-11.663
2.9615,8.9863,7.6302,-11.707
3,7.8036,6.609,-12.301
3.0385,7.8697,6.681,-12.397
3.0769,7.9277,6.7417,-12.469
3.1154,8.0023,6.817,-12.56
3.1538,8.1122,6.899,-12.655
3.1923,8.1336,6.903,-12.669
3.2308,8.1696,6.94,-12.709
3.2692,8.2106,6.9635,-12.75
3.3077,8.2149,6.9544,-12.758
3.3462,8.2563,6.9987,-12.805
3.3846,8.289,7.0355,-12.854
3.4231,8.335,7.0936,-12.928
3.4615,8.4172,7.1602,-13.027
3.5,8.5227,7.257,-13.147
3.5385,8.5857,7.2965,-13.203
3.5769,8.6442,7.3341,-13.258
3.6154,8.7187,7.4133,-13.349
3.6538,8.7846,7.454,-13.417
3.6923,8.812,7.478,-13.467
3.7308,8.8875,7.5144,-13.531
3.7692,8.9897,7.5883,-13.632
3.8077,9.0302,7.608,-13.663
3.8462,9.085,7.6421,-13.726
3.8846,9.1421,7.6858,-13.793
3.9231,9.2402,7.7694,-13.886
3.9615,9.2472,7.7683,-13.91
4,8.0521,6.7561,-14.281
4.0385,8.0718,6.7633,-14.296
4.0769,8.1061,6.7983,-14.341
4.1154,8.1339,6.8205,-14.377
4.1538,8.1711,6.8424,-14.426
4.1923,8.2182,6.8737,-14.472
4.2308,8.2647,6.9157,-14.542
4.2692,8.332,6.9633,-14.588
4.3077,8.3583,6.9807,-14.619
4.3462,8.4359,7.0293,-14.699
4.3846,8.5092,7.0765,-14.779
4.4231,8.5589,7.1093,-14.839
4.4615,8.6151,7.1478,-14.899
4.5,8.6932,7.2111,-14.988
4.5385,8.767,7.2586,-15.073
4.5769,8.8114,7.2842,-15.132
4.6154,8.8312,7.294,-15.157
4.6538,8.8683,7.3282,-15.215
4.6923,8.9265,7.3907,-15.293
4.7308,8.9757,7.4166,-15.323
4.7692,8.9902,7.407,-15.33
4.8077,9.0336,7.4303,-15.386
4.8462,9.0484,7.4287,-15.401
4.8846,9.126,7.4841,-15.482
4.9231,9.1282,7.4833,-15.488
4.9615,9.1612,7.4908,-15.507
5,7.9313,6.5185,-15.704
5.0385,7.943,6.5227,-15.731
5.0769,8.0292,6.6064,-15.861
5.1154,8.0616,6.6202,-15.881
5.1538,8.1163,6.6574,-15.942
5.1923,8.2052,6.7134,-16.015
5.2308,8.2382,6.7291,-16.049
5.2692,8.3084,6.7834,-16.145
5.3077,8.3331,6.7897,-16.173
5.3462,8.3947,6.8359,-16.244
5.3846,8.428,6.8673,-16.291
5.4231,8.4379,6.8733,-16.319
5.4615,8.4852,6.9119,-16.391
5.5,8.538,6.9589,-16.458
5.5385,8.5601,6.9666,-16.478
5.5769,8.5979,7.0063,-16.527
5.6154,8.621,7.0101,-16.563
5.6538,8.6749,7.0527,-16.644
5.6923,8.7506,7.12,-16.74
5.7308,8.7676,7.1442,-16.781
5.7692,8.8111,7.1623,-16.818
5.8077,8.8431,7.1859,-16.859
5.8462,8.8626,7.1991,-16.897
5.8846,8.8992,7.2069,-16.925
5.9231,8.9461,7.228,-16.983
5.9615,9.0194,7.2894,-17.099
6,7.8075,6.4141,-17.109
6.0385,7.838,6.4419,-17.16
6.0769,7.8441,6.4314,-17.184
6.1154,7.8925,6.4701,-17.245
6.1538,7.9027,6.4625,-17.254
6.1923,7.9344,6.4568,-17.274
6.2308,7.9609,6.4671,-17.319
6.2692,8.0145,6.5096,-17.386
6.3077,8.0462,6.5442,-17.445
6.3462,8.1027,6.5809,-17.506
6.3846,8.1454,6.6077,-17.553
6.4231,8.1735,6.6268,-17.604
6.4615,8.2185,6.6593,-17.666
6.5,8.2768,6.7095,-17.751
6.5385,8.3167,6.7376,-17.806
6.5769,8.3233,6.7333,-17.822
6.6154,8.3589,6.7482,-17.863
6.6538,8.3985,6.7677,-17.899
6.6923,8.4562,6.8124,-17.984
6.7308,8.4942,6.8338,-18.022
6.7692,8.52,6.8423,-18.057
6.8077,8.5486,6.8519,-18.099
6.8462,8.5814,6.8702,-18.151
6.8846,8.6245,6.8855,-18.191
6.9231,8.6354,6.8856,-18.197
6.9615,8.6672,6.9007,-18.221
7,7.4785,6.1048,-18.077
7.0385,7.4973,6.1074,-18.089
7.0769,7.5048,6.1116,-18.116
7.1154,7.5315,6.117,-18.147
7.1538,7.5693,6.1513,-18.202
7.1923,7.5912,6.1582,-18.235
7.2308,7.6181,6.1788,-18.282
7.2692,7.6553,6.2026,-18.328
7.3077,7.6951,6.2291,-18.369
7.3462,7.7205,6.2548,-18.426
7.3846,7.7494,6.2599,-18.452
7.4231,7.7904,6.294,-18.519
7.4615,7.8191,6.3127,-18.546
7.5,7.8874,6.3838,-18.655
7.5385,7.8976,6.3798,-18.671
7.5769,7.9241,6.3952,-18.708
7.6154,7.9671,6.4229,-18.756
7.6538,8.0047,6.4368,-18.804
7.6923,8.0507,6.4631,-18.863
7.7308,8.0633,6.4641,-18.872
7.7692,8.1131,6.5023,-18.935
7.8077,8.1551,6.5324,-18.984
7.8462,8.1805,6.5478,-19.008
7.8846,8.2431,6.596,-19.077
7.9231,8.2623,6.5941,-19.095
7.9615,8.304,6.6301,-19.165
8,7.0906,5.9172,-18.889
8.0385,7.1229,5.9408,-18.932
8.0769,7.1494,5.9646,-18.966
8.1154,7.1831,5.9933,-19.028
8.1538,7.1988,6.0004,-19.041
8.1923,7.2647,6.0488,-19.138
8.2308,7.3052,6.0792,-19.198
8.2692,7.3409,6.109,-19.25
8.3077,7.368,6.1258,-19.289
8.3462,7.4112,6.1536,-19.342
8.3846,7.4304,6.1684,-19.374
8.4231,7.423,6.1612,-19.362
8.4615,7.4739,6.1998,-19.435
8.5,7.527,6.254,-19.512
8.5385,7.5662,6.2801,-19.563
8.5769,7.6176,6.319,-19.634
8.6154,7.6718,6.3603,-19.715
8.6538,7.6844,6.3674,-19.737
8.6923,7.7242,6.3896,-19.796
8.7308,7.7512,6.4048,-19.823
8.7692,7.796,6.4471,-19.89
8.8077,7.8222,6.4671,-19.914
8.8462,7.8515,6.4907,-19.952
8.8846,7.89,6.5221,-20.006
8.9231,7.9341,6.5513,-20.055
8.9615,7.971,6.5824,-20.116
9,6.7673,6.0386,-19.818
9.0385,6.8389,6.1046,-19.921
9.0769,6.8375,6.0988,-19.91
9.1154,6.8671,6.1234,-19.949
9.1538,6.8914,6.1436,-19.987
9.1923,6.9179,6.1677,-20.028
9.2308,6.9501,6.1911,-20.068
9.2692,6.9821,6.2186,-20.107
9.3077,7.0218,6.2529,-20.178
9.3462,7.0551,6.2785,-20.213
9.3846,7.1015,6.32,-20.282
9.4231,7.1353,6.3471,-20.315
9.4615,7.1692,6.3794,-20.37
9.5,7.1867,6.39,-20.385
9.5385,7.1996,6.3959,-20.393
9.5769,7.2669,6.4476,-20.488
9.6154,7.3118,6.4857,-20.551
9.6538,7.3303,6.501,-20.578
9.6923,7.3643,6.5375,-20.624
9.7308,7.417,6.58,-20.685
9.7692,7.4597,6.6137,-20.731
9.8077,7.4931,6.6425,-20.772
9.8462,7.5357,6.686,-20.821
9.8846,7.5699,6.7206,-20.867
9.9231,7.6155,6.7628,-20.926
9.9615,7.6774,6.8195,-21.016
