quarter,oc0,eq0,oc1,eq1,oc2,eq2
1,1.10943,2.2303,1.10704,2.1629,1.10512,2.1089
2,1.10776,2.2162,1.10298,2.1290,1.09916,2.0593
3,1.10608,2.2021,1.09893,2.0951,1.09323,2.0099
4,1.10441,2.1880,1.09490,2.0614,1.08733,1.9608
5,1.10274,2.1740,1.09089,2.0278,1.08147,1.9119
6,1.10107,2.1600,1.08689,1.9944,1.07563,1.8633
7,1.09941,2.1460,1.08290,1.9610,1.06983,1.8150
8,1.09775,2.1320,1.07893,1.9278,1.06406,1.7669
9,1.09609,2.1181,1.07498,1.8947,1.05832,1.7191
10,1.09443,2.1042,1.07104,1.8618,1.05261,1.6716
11,1.09278,2.0902,1.06711,1.8289,1.04694,0.3116
12,1.09113,2.0764,1.06320,1.7962,1.04434,0.0000
13,1.08948,2.0625,1.05930,1.7636,1.04241,0.0000
14,1.08783,2.0487,1.05541,1.7311,1.04044,0.0000
15,1.08619,2.0348,1.05154,1.6987,1.03842,0.0000
16,1.08454,2.0210,1.04769,0.6756,1.03776,0.0000
17,1.08291,2.0072,1.04615,0.0011,1.03745,0.0000
18,1.08127,1.9935,1.04615,0.0000,1.03550,0.0000
19,1.07963,1.9797,1.04614,0.0000,1.03323,0.0000
20,1.07800,37.0672,1.04613,22.1011,1.03090,13.4494
