year,cum
2002.375,3.00
2002.458,2.69
2002.542,1.54
2002.625,2.12
2002.708,3.65
2002.792,5.53
2002.875,7.83
2002.958,8.72
2003.042,10.48
2003.125,10.28
2003.208,9.27
2003.292,11.95
2003.375,13.13
2003.458,14.72
2003.542,14.59
2003.625,14.61
2003.708,13.62
2003.792,17.02
2003.875,17.63
2003.958,17.46
2004.042,20.23
2004.125,23.61
2004.208,19.64
2004.292,17.68
2004.375,17.68
2004.458,16.10
2004.542,19.12
2004.625,18.50
2004.708,19.76
2004.792,17.62
2004.875,17.58
2004.958,18.28
2005.042,20.52
2005.125,21.77
2005.208,22.63
2005.292,24.18
2005.375,24.58
2005.458,27.56
2005.542,26.98
2005.625,26.15
2005.708,28.88
2005.792,30.70
2005.875,32.21
2005.958,30.18
2006.042,30.24
2006.125,30.26
2006.208,26.37
2006.292,26.88
2006.375,26.07
2006.458,25.13
2006.542,27.42
2006.625,31.27
2006.708,31.26
2006.792,33.43
2006.875,32.77
2006.958,35.45
2007.042,36.28
2007.125,36.71
2007.208,38.32
2007.292,40.30
2007.375,42.07
2007.458,45.42
2007.542,44.20
2007.625,39.47
2007.708,42.16
2007.792,44.56
2007.875,40.89
2007.958,39.80
2008.042,39.35
2008.125,40.30
2008.208,38.37
2008.292,41.90
2008.375,42.96
2008.458,42.79
2008.542,43.06
2008.625,40.04
2008.708,33.17
2008.792,22.06
2008.875,18.49
2008.958,16.41
2009.042,12.58
2009.125,15.81
2009.208,23.64
2009.292,23.73
2009.375,25.52
2009.458,28.62
2009.542,26.99
2009.625,29.17
2009.708,31.97
2009.792,33.50
2009.875,32.23
2009.958,33.18
2010.042,33.60
2010.125,32.80
2010.208,32.76
2010.292,35.47
2010.375,33.45
2010.458,31.73
2010.542,33.85
2010.625,30.02
2010.708,32.42
2010.792,33.26
2010.875,33.02
2010.958,35.24
2011.042,34.72
2011.125,34.91
2011.208,36.95
2011.292,38.96
2011.375,38.10
2011.458,38.88
2011.542,37.39
2011.625,36.78
2011.708,33.07
2011.792,37.64
2011.875,36.02
2011.958,35.91
2012.042,38.45
2012.125,42.19
2012.208,40.58
2012.292,40.06
2012.375,36.98
2012.458,41.01
2012.542,43.24
2012.625,42.46
2012.708,42.90
2012.792,43.15
2012.875,44.44
2012.958,46.14
2013.042,48.01
2013.125,48.18
2013.208,50.34
2013.292,51.28
2013.375,48.63
2013.458,43.95
2013.542,43.69
2013.625,41.78
2013.708,44.94
2013.792,45.59
2013.875,44.50
2013.958,44.46
2014.042,42.50
2014.125,44.46
2014.208,47.55
2014.292,47.05
2014.375,47.62
2014.458,47.96
2014.542,47.90
2014.625,49.63
2014.708,48.42
2014.792,48.59
2014.875,47.44
2014.958,47.39
2015.042,43.79
2015.125,47.61
2015.208,48.20
2015.292,48.72
2015.375,46.05
2015.458,42.94
2015.542,42.19
2015.625,38.33
2015.708,37.66
2015.792,41.58
2015.875,44.13
2015.958,42.38
2016.042,41.59
2016.125,41.92
2016.208,43.12
2016.292,43.71
2016.375,43.31
2016.458,46.44
2016.542,47.12
2016.625,48.09
2016.708,49.82
2016.792,51.23
2016.875,52.00
2016.958,49.89
2017.042,52.01
2017.125,53.65
2017.208,51.12
2017.292,48.84
2017.375,47.90
2017.458,48.62
2017.542,50.51
2017.625,48.64
2017.708,49.19
2017.792,48.14
2017.875,46.76
2017.958,48.73
2018.042,47.99
2018.125,47.64
2018.208,47.62
2018.292,49.90
2018.375,50.75
2018.458,49.37
2018.542,49.45
2018.625,48.41
2018.708,48.40
2018.792,49.66
2018.875,51.90
2018.958,47.30
2019.042,51.87
2019.125,51.63
2019.208,52.04
2019.292,52.62
2019.375,50.94
2019.458,51.13
2019.542,51.91
2019.625,50.16
2019.708,50.92
2019.792,49.96
2019.875,50.30
2019.958,52.08
2020.042,50.03
2020.125,48.11
2020.208,42.50
2020.292,44.57
2020.375,43.96
2020.458,44.45
2020.542,43.02
2020.625,44.76
2020.708,43.54
2020.792,42.80
2020.875,45.75
2020.958,45.39
2021.042,46.54
2021.125,47.76
2021.208,50.64
2021.292,50.30
2021.375,49.59
2021.458,49.39
2021.542,47.86
2021.625,48.98
2021.708,49.83
2021.792,51.80
2021.875,49.44
2021.958,51.06
2022.042,51.27
2022.125,52.58
2022.208,53.24
2022.292,52.57
2022.375,51.72
2022.458,51.16
2022.542,52.47
2022.625,52.97
2022.708,48.50
2022.792,52.53
2022.875,51.22
2022.958,48.94
2023.042,50.57
2023.125,51.03
2023.208,50.12
2023.292,49.91
2023.375,51.42
2023.458,53.75
2023.542,53.24
2023.625,52.57
2023.708,54.75
2023.792,54.05
2023.875,53.85
2023.958,52.93
2024.042,54.26
2024.125,55.40
2024.208,56.20
2024.292,57.48
2024.375,58.77
2024.458,59.28
2024.542,55.70
2024.625,55.75
2024.708,56.34
2024.792,56.14
2024.875,56.60
2024.958,56.66
2025.042,56.78
2025.125,55.18
2025.208,55.61
2025.292,52.76
2025.375,54.45
2025.458,53.98
2025.542,54.75
2025.625,55.04
2025.708,55.71
2025.792,56.28
2025.875,57.11
2025.958,57.52
