portfolio_m,residual_pct_es,residual_pct_micro
0.10,100.00,10.00
0.11,100.00,9.09
0.12,100.00,0.00
0.13,100.00,7.69
0.14,100.00,7.14
0.15,100.00,0.00
0.16,87.50,6.25
0.17,76.47,5.88
0.18,66.67,0.00
0.19,57.89,5.26
0.20,50.00,5.00
0.21,42.86,0.00
0.22,36.36,4.55
0.23,30.43,4.35
0.24,25.00,0.00
0.25,20.00,4.00
0.26,15.38,3.85
0.27,11.11,0.00
0.28,7.14,3.57
0.29,3.45,3.45
0.30,0.00,0.00
0.31,3.23,3.23
0.32,6.25,3.12
0.33,9.09,0.00
0.34,11.76,2.94
0.35,14.29,2.86
0.36,16.67,0.00
0.37,18.92,2.70
0.38,21.05,2.63
0.39,23.08,0.00
0.40,25.00,2.50
0.41,26.83,2.44
0.42,28.57,0.00
0.43,30.23,2.33
0.44,31.82,2.27
0.45,33.33,0.00
0.46,30.43,2.17
0.47,27.66,2.13
0.48,25.00,0.00
0.49,22.45,2.04
0.50,20.00,2.00
0.51,17.65,0.00
0.52,15.38,1.92
0.53,13.21,1.89
0.54,11.11,0.00
0.55,9.09,1.82
0.56,7.14,1.79
0.57,5.26,0.00
0.58,3.45,1.72
0.59,1.69,1.69
0.60,0.00,0.00
0.61,1.64,1.64
0.62,3.23,1.61
0.63,4.76,0.00
0.64,6.25,1.56
0.65,7.69,1.54
0.66,9.09,0.00
0.67,10.45,1.49
0.68,11.76,1.47
0.69,13.04,0.00
0.70,14.29,1.43
0.71,15.49,1.41
0.72,16.67,0.00
0.73,17.81,1.37
0.74,18.92,1.35
0.75,20.00,0.00
0.76,18.42,1.32
0.77,16.88,1.30
0.78,15.38,0.00
0.79,13.92,1.27
0.80,12.50,1.25
0.81,11.11,0.00
0.82,9.76,1.22
0.83,8.43,1.20
0.84,7.14,0.00
0.85,5.88,1.18
0.86,4.65,1.16
0.87,3.45,0.00
0.88,2.27,1.14
0.89,1.12,1.12
0.90,0.00,0.00
0.91,1.10,1.10
0.92,2.17,1.09
0.93,3.23,0.00
0.94,4.26,1.06
0.95,5.26,1.05
0.96,6.25,0.00
0.97,7.22,1.03
0.98,8.16,1.02
0.99,9.09,0.00
1.00,10.00,1.00
1.01,10.89,0.99
1.02,11.76,0.00
1.03,12.62,0.97
1.04,13.46,0.96
1.05,14.29,0.00
1.06,13.21,0.94
1.07,12.15,0.93
1.08,11.11,0.00
1.09,10.09,0.92
1.10,9.09,0.91
1.11,8.11,0.00
1.12,7.14,0.89
1.13,6.19,0.88
1.14,5.26,0.00
1.15,4.35,0.87
1.16,3.45,0.86
1.17,2.56,0.00
1.18,1.69,0.85
1.19,0.84,0.84
1.20,0.00,0.00
1.21,0.83,0.83
1.22,1.64,0.82
1.23,2.44,0.00
1.24,3.23,0.81
1.25,4.00,0.80
1.26,4.76,0.00
1.27,5.51,0.79
1.28,6.25,0.78
1.29,6.98,0.00
1.30,7.69,0.77
1.31,8.40,0.76
1.32,9.09,0.00
1.33,9.77,0.75
1.34,10.45,0.75
1.35,11.11,0.00
1.36,10.29,0.74
1.37,9.49,0.73
1.38,8.70,0.00
1.39,7.91,0.72
1.40,7.14,0.71
1.41,6.38,0.00
1.42,5.63,0.70
1.43,4.90,0.70
1.44,4.17,0.00
1.45,3.45,0.69
1.46,2.74,0.68
1.47,2.04,0.00
1.48,1.35,0.68
1.49,0.67,0.67
1.50,0.00,0.00
1.51,0.66,0.66
1.52,1.32,0.66
1.53,1.96,0.00
1.54,2.60,0.65
1.55,3.23,0.65
1.56,3.85,0.00
1.57,4.46,0.64
1.58,5.06,0.63
1.59,5.66,0.00
1.60,6.25,0.62
1.61,6.83,0.62
1.62,7.41,0.00
1.63,7.98,0.61
1.64,8.54,0.61
1.65,9.09,0.00
1.66,8.43,0.60
1.67,7.78,0.60
1.68,7.14,0.00
1.69,6.51,0.59
1.70,5.88,0.59
1.71,5.26,0.00
1.72,4.65,0.58
1.73,4.05,0.58
1.74,3.45,0.00
1.75,2.86,0.57
1.76,2.27,0.57
1.77,1.69,0.00
1.78,1.12,0.56
1.79,0.56,0.56
1.80,0.00,0.00
1.81,0.55,0.55
1.82,1.10,0.55
1.83,1.64,0.00
1.84,2.17,0.54
1.85,2.70,0.54
1.86,3.23,0.00
1.87,3.74,0.53
1.88,4.26,0.53
1.89,4.76,0.00
1.90,5.26,0.53
1.91,5.76,0.52
1.92,6.25,0.00
1.93,6.74,0.52
1.94,7.22,0.52
1.95,7.69,0.00
1.96,7.14,0.51
1.97,6.60,0.51
1.98,6.06,0.00
1.99,5.53,0.50
2.00,5.00,0.50
2.01,4.48,0.00
2.02,3.96,0.50
2.03,3.45,0.49
2.04,2.94,0.00
2.05,2.44,0.49
2.06,1.94,0.49
2.07,1.45,0.00
2.08,0.96,0.48
2.09,0.48,0.48
2.10,0.00,0.00
2.11,0.47,0.47
2.12,0.94,0.47
2.13,1.41,0.00
2.14,1.87,0.47
2.15,2.33,0.47
2.16,2.78,0.00
2.17,3.23,0.46
2.18,3.67,0.46
2.19,4.11,0.00
2.20,4.55,0.45
2.21,4.98,0.45
2.22,5.41,0.00
2.23,5.83,0.45
2.24,6.25,0.45
2.25,6.67,0.00
2.26,6.19,0.44
2.27,5.73,0.44
2.28,5.26,0.00
2.29,4.80,0.44
2.30,4.35,0.43
2.31,3.90,0.00
2.32,3.45,0.43
2.33,3.00,0.43
2.34,2.56,0.00
2.35,2.13,0.43
2.36,1.69,0.42
2.37,1.27,0.00
2.38,0.84,0.42
2.39,0.42,0.42
2.40,0.00,0.00
2.41,0.41,0.41
2.42,0.83,0.41
2.43,1.23,0.00
2.44,1.64,0.41
2.45,2.04,0.41
2.46,2.44,0.00
2.47,2.83,0.40
2.48,3.23,0.40
2.49,3.61,0.00
2.50,4.00,0.40
2.51,4.38,0.40
2.52,4.76,0.00
2.53,5.14,0.40
2.54,5.51,0.39
2.55,5.88,0.00
2.56,5.47,0.39
2.57,5.06,0.39
2.58,4.65,0.00
2.59,4.25,0.39
2.60,3.85,0.38
2.61,3.45,0.00
2.62,3.05,0.38
2.63,2.66,0.38
2.64,2.27,0.00
2.65,1.89,0.38
2.66,1.50,0.38
2.67,1.12,0.00
2.68,0.75,0.37
2.69,0.37,0.37
2.70,0.00,0.00
2.71,0.37,0.37
2.72,0.74,0.37
2.73,1.10,0.00
2.74,1.46,0.36
2.75,1.82,0.36
2.76,2.17,0.00
2.77,2.53,0.36
2.78,2.88,0.36
2.79,3.23,0.00
2.80,3.57,0.36
2.81,3.91,0.36
2.82,4.26,0.00
2.83,4.59,0.35
2.84,4.93,0.35
2.85,5.26,0.00
2.86,4.90,0.35
2.87,4.53,0.35
2.88,4.17,0.00
2.89,3.81,0.35
2.90,3.45,0.34
2.91,3.09,0.00
2.92,2.74,0.34
2.93,2.39,0.34
2.94,2.04,0.00
2.95,1.69,0.34
2.96,1.35,0.34
2.97,1.01,0.00
2.98,0.67,0.34
2.99,0.33,0.33
3.00,0.00,0.00
