t,cocoa
2000.0417,0.918
2000.1250,0.861
2000.2083,0.926
2000.2917,0.912
2000.3750,0.909
2000.4583,0.948
2000.5417,0.967
2000.6250,0.878
2000.7083,0.883
2000.7917,0.878
2000.8750,0.874
2000.9583,0.893
2001.0417,0.966
2001.1250,1.157
2001.2083,1.124
2001.2917,1.084
2001.3750,1.077
2001.4583,0.973
2001.5417,0.965
2001.6250,1.032
2001.7083,1.026
2001.7917,1.085
2001.8750,1.232
2001.9583,1.337
2002.0417,1.386
2002.1250,1.490
2002.2083,1.592
2002.2917,1.568
2002.3750,1.605
2002.4583,1.656
2002.5417,1.872
2002.6250,1.959
2002.7083,2.167
2002.7917,2.201
2002.8750,1.825
2002.9583,2.026
2003.0417,2.190
2003.1250,2.230
2003.2083,1.993
2003.2917,1.932
2003.3750,1.733
2003.4583,1.579
2003.5417,1.563
2003.6250,1.566
2003.7083,1.625
2003.7917,1.482
2003.8750,1.510
2003.9583,1.627
2004.0417,1.626
2004.1250,1.566
2004.2083,1.504
2004.2917,1.436
2004.3750,1.413
2004.4583,1.408
2004.5417,1.568
2004.6250,1.727
2004.7083,1.541
2004.7917,1.484
2004.8750,1.666
2004.9583,1.673
2005.0417,1.550
2005.1250,1.634
2005.2083,1.764
2005.2917,1.586
2005.3750,1.509
2005.4583,1.539
2005.5417,1.488
2005.6250,1.482
2005.7083,1.504
2005.7917,1.454
2005.8750,1.429
2005.9583,1.518
2006.0417,1.576
2006.1250,1.545
2006.2083,1.545
2006.2917,1.552
2006.3750,1.594
2006.4583,1.606
2006.5417,1.673
2006.6250,1.613
2006.7083,1.566
2006.7917,1.530
2006.8750,1.583
2006.9583,1.702
2007.0417,1.702
2007.1250,1.811
2007.2083,1.924
2007.2917,1.975
2007.3750,2.005
2007.4583,2.013
2007.5417,2.152
2007.6250,1.902
2007.7083,1.965
2007.7917,1.917
2007.8750,1.967
2007.9583,2.120
2008.0417,2.214
2008.1250,2.523
2008.2083,2.650
2008.2917,2.628
2008.3750,2.690
2008.4583,3.022
2008.5417,2.954
2008.6250,2.812
2008.7083,2.672
2008.7917,2.259
2008.8750,2.068
2008.9583,2.433
2009.0417,2.624
2009.1250,2.660
2009.2083,2.502
2009.2917,2.555
2009.3750,2.483
2009.4583,2.700
2009.5417,2.791
2009.6250,2.957
2009.7083,3.143
2009.7917,3.373
2009.8750,3.384
2009.9583,3.518
2010.0417,3.522
2010.1250,3.277
2010.2083,3.090
2010.2917,3.221
2010.3750,3.166
2010.4583,3.231
2010.5417,3.230
2010.6250,3.072
2010.7083,2.875
2010.7917,2.927
2010.8750,2.910
2010.9583,3.047
2011.0417,3.164
2011.1250,3.471
2011.2083,3.393
2011.2917,3.114
2011.3750,3.071
2011.4583,3.016
2011.5417,3.167
2011.6250,3.064
2011.7083,2.874
2011.7917,2.680
2011.8750,2.527
2011.9583,2.201
2012.0417,2.308
2012.1250,2.356
2012.2083,2.359
2012.2917,2.267
2012.3750,2.310
2012.4583,2.266
2012.5417,2.350
2012.6250,2.512
2012.7083,2.620
2012.7917,2.464
2012.8750,2.478
2012.9583,2.432
2013.0417,2.275
2013.1250,2.198
2013.2083,2.153
2013.2917,2.295
2013.3750,2.346
2013.4583,2.284
2013.5417,2.309
2013.6250,2.484
2013.7083,2.616
2013.7917,2.731
2013.8750,2.755
2013.9583,2.825
2014.0417,2.819
2014.1250,2.993
2014.2083,3.042
2014.2917,3.051
2014.3750,3.030
2014.4583,3.174
2014.5417,3.196
2014.6250,3.270
2014.7083,3.221
2014.7917,3.101
2014.8750,2.909
2014.9583,2.947
2015.0417,2.916
2015.1250,2.962
2015.2083,2.878
2015.2917,2.868
2015.3750,3.096
2015.4583,3.240
2015.5417,3.326
2015.6250,3.154
2015.7083,3.278
2015.7917,3.197
2015.8750,3.361
2015.9583,3.346
2016.0417,2.952
2016.1250,2.916
2016.2083,3.074
2016.2917,3.078
2016.3750,3.098
2016.4583,3.123
2016.5417,3.050
2016.6250,3.032
2016.7083,2.881
2016.7917,2.711
2016.8750,2.483
2016.9583,2.295
2017.0417,2.194
2017.1250,2.034
2017.2083,2.063
2017.2917,1.961
2017.3750,1.983
2017.4583,1.998
2017.5417,1.989
2017.6250,1.989
2017.7083,1.998
2017.7917,2.097
2017.8750,2.128
2017.9583,1.918
2018.0417,1.952
2018.1250,2.123
2018.2083,2.504
2018.2917,2.625
2018.3750,2.660
2018.4583,2.411
2018.5417,2.357
2018.6250,2.172
2018.7083,2.195
2018.7917,2.134
2018.8750,2.185
2018.9583,2.208
2019.0417,2.263
2019.1250,2.256
2019.2083,2.200
2019.2917,2.331
2019.3750,2.315
2019.4583,2.408
2019.5417,2.417
2019.6250,2.195
2019.7083,2.305
2019.7917,2.435
2019.8750,2.520
2019.9583,2.445
2020.0417,2.603
2020.1250,2.716
2020.2083,2.338
2020.2917,2.270
2020.3750,2.317
2020.4583,2.229
2020.5417,2.102
2020.6250,2.349
2020.7083,2.458
2020.7917,2.292
2020.8750,2.359
2020.9583,2.406
2021.0417,2.393
2021.1250,2.383
2021.2083,2.471
2021.2917,2.366
2021.3750,2.409
2021.4583,2.366
2021.5417,2.328
2021.6250,2.478
2021.7083,2.553
2021.7917,2.574
2021.8750,2.406
2021.9583,2.379
2022.0417,2.467
2022.1250,2.551
2022.2083,2.459
2022.2917,2.457
2022.3750,2.364
2022.4583,2.323
2022.5417,2.239
2022.6250,2.270
2022.7083,2.220
2022.7917,2.244
2022.8750,2.381
2022.9583,2.456
2023.0417,2.540
2023.1250,2.587
2023.2083,2.666
2023.2917,2.823
2023.3750,2.905
2023.4583,3.124
2023.5417,3.347
2023.6250,3.434
2023.7083,3.629
2023.7917,3.692
2023.8750,4.095
2023.9583,4.254
2024.0417,4.443
2024.1250,5.640
2024.2083,7.298
2024.2917,9.865
2024.3750,7.768
2024.4583,8.380
2024.5417,7.165
2024.6250,6.792
2024.7083,6.422
2024.7917,6.583
2024.8750,7.919
2024.9583,10.412
2025.0417,10.710
2025.1250,9.793
2025.2083,8.080
2025.2917,8.132
2025.3750,9.001
2025.4583,8.402
2025.5417,7.372
2025.6250,7.604
2025.7083,7.007
2025.7917,5.954
2025.8750,5.591
2025.9583,5.815
2026.0417,5.018
2026.1250,3.587
2026.2083,3.241
2026.2917,3.392
2026.3750,4.143
2026.4583,4.395
2026.5417,5.619
