year,gross,after_fee,net
2.000,-0.020,-0.030,-0.030
2.020,0.591,0.511,0.429
2.040,1.131,0.979,0.897
2.060,1.795,1.581,1.499
2.079,1.783,1.506,1.424
2.099,2.051,1.712,1.555
2.119,2.656,2.257,2.100
2.139,2.419,1.963,1.806
2.159,2.449,1.936,1.779
2.179,1.846,1.272,1.042
2.198,2.081,1.446,1.216
2.218,1.657,0.963,0.733
2.238,1.375,0.625,0.395
2.258,2.146,1.340,1.037
2.278,2.298,1.425,1.122
2.298,1.797,0.850,0.547
2.317,2.047,1.040,0.737
2.337,2.514,1.456,1.078
2.357,2.323,1.210,0.832
2.377,2.469,1.307,0.929
2.397,2.290,1.075,0.697
2.417,2.140,0.884,0.506
2.437,1.968,0.668,0.220
2.456,2.342,1.009,0.561
2.476,2.445,1.087,0.639
2.496,2.948,1.563,1.115
2.516,2.899,1.481,0.962
2.536,3.076,1.624,1.105
2.556,3.780,2.297,1.778
2.575,3.571,2.060,1.541
2.595,3.538,1.994,1.407
2.615,3.766,2.189,1.602
2.635,3.967,2.362,1.775
2.655,4.320,2.693,2.106
2.675,4.111,2.451,1.778
2.694,4.403,2.702,2.029
2.714,4.386,2.641,1.968
2.734,4.528,2.749,2.076
2.754,5.055,3.240,2.483
2.774,4.636,2.776,2.019
2.794,5.073,3.169,2.412
2.813,5.193,3.237,2.480
2.833,4.960,2.951,2.194
2.853,5.573,3.512,2.672
2.873,5.684,3.583,2.743
2.893,5.647,3.497,2.657
2.913,5.923,3.726,2.886
2.933,6.171,3.920,3.003
2.952,5.840,3.533,2.616
2.972,6.102,3.742,2.825
2.992,6.083,3.676,2.759
3.012,6.096,3.635,2.639
3.032,5.788,3.263,2.267
3.052,6.038,3.454,2.458
3.071,6.442,3.795,2.799
3.091,6.308,3.594,2.522
3.111,7.001,4.212,3.140
3.131,7.032,4.172,3.100
3.151,6.884,3.955,2.883
3.171,6.541,3.549,2.398
3.190,6.427,3.367,2.216
3.210,6.378,3.262,2.111
3.230,6.017,2.840,1.689
3.250,6.784,3.550,2.399
3.270,7.134,3.840,2.610
3.290,7.351,4.001,2.771
3.310,7.117,3.711,2.481
3.329,7.334,3.879,2.649
3.349,7.035,3.525,2.216
3.369,7.314,3.749,2.440
3.389,7.730,4.112,2.803
3.409,7.792,4.124,2.815
3.429,7.617,3.892,2.503
3.448,7.225,3.444,2.055
3.468,6.937,3.101,1.712
3.488,7.017,3.142,1.753
3.508,6.869,2.953,1.478
3.528,7.338,3.366,1.891
3.548,7.692,3.671,2.196
3.567,7.718,3.646,2.171
3.587,8.546,4.425,2.874
3.607,8.413,4.233,2.682
3.627,8.675,4.437,2.886
3.647,8.991,4.694,3.143
3.667,8.897,4.546,2.995
3.687,9.060,4.649,3.023
3.706,8.369,3.904,2.278
3.726,8.560,4.035,2.409
3.746,8.296,3.710,2.084
3.766,8.393,3.732,2.032
3.786,8.346,3.615,1.915
3.806,8.774,3.981,2.281
3.825,9.242,4.385,2.685
3.845,9.901,4.974,3.200
3.865,10.125,5.129,3.355
3.885,9.874,4.818,3.044
3.905,9.918,4.804,3.030
3.925,9.754,4.584,2.732
3.944,10.033,4.796,2.944
3.964,10.011,4.706,2.854
3.984,9.779,4.411,2.559
4.004,10.607,5.172,3.237
4.024,10.438,4.932,2.997
4.044,10.689,5.109,3.174
4.063,11.141,5.500,3.565
4.083,11.734,6.043,4.108
4.103,11.228,5.474,3.458
4.123,11.482,5.660,3.644
4.143,11.613,5.728,3.712
4.163,11.496,5.553,3.537
4.183,11.359,5.356,3.260
4.202,11.099,5.038,2.942
4.222,11.199,5.083,2.987
4.242,11.510,5.349,3.253
4.262,11.524,5.321,3.140
4.282,12.210,5.963,3.782
4.302,12.236,5.943,3.762
4.321,11.986,5.648,3.467
4.341,12.455,6.066,3.812
4.361,12.721,6.281,4.027
4.381,12.833,6.343,4.089
4.401,13.248,6.717,4.463
4.421,13.280,6.710,4.374
4.440,13.289,6.669,4.333
4.460,13.486,6.817,4.481
4.480,13.903,7.183,4.847
4.500,14.083,7.316,4.980
4.520,14.619,7.783,5.366
4.540,14.638,7.747,5.330
4.560,14.808,7.868,5.451
4.579,14.534,7.554,5.137
4.599,14.419,7.387,4.878
4.619,14.633,7.547,5.038
4.639,14.530,7.394,4.885
4.659,15.443,8.259,5.750
4.679,15.967,8.740,6.142
4.698,16.661,9.396,6.798
4.718,16.939,9.637,7.039
4.738,17.032,9.703,7.105
4.758,17.555,10.191,7.515
4.778,18.192,10.785,8.109
4.798,18.496,11.050,8.374
4.817,18.664,11.174,8.498
4.837,18.844,11.311,8.559
4.857,19.259,11.686,8.934
4.877,19.884,12.271,9.519
4.897,20.087,12.436,9.684
4.917,20.044,12.360,9.608
4.937,20.181,12.447,9.617
4.956,20.279,12.486,9.656
4.976,20.497,12.645,9.815
4.996,20.538,12.631,9.801
5.016,21.314,13.336,10.433
5.036,21.363,13.319,10.416
5.056,21.610,13.508,10.605
5.075,21.736,13.587,10.684
5.095,21.798,13.600,10.617
5.115,21.998,13.752,10.769
5.135,22.446,14.152,11.169
5.155,22.835,14.492,11.509
5.175,23.040,14.645,11.579
5.194,23.256,14.799,11.733
5.214,22.325,13.813,10.747
5.234,22.546,13.983,10.917
5.254,22.074,13.467,10.321
5.274,21.381,12.727,9.581
5.294,21.313,12.616,9.470
5.313,22.385,13.640,10.494
5.333,23.266,14.472,11.326
5.353,23.849,14.986,11.753
5.373,24.085,15.156,11.923
5.393,24.764,15.782,12.549
5.413,24.866,15.836,12.603
5.433,25.269,16.173,12.853
5.452,25.630,16.465,13.145
5.472,26.162,16.933,13.613
5.492,25.621,16.339,13.019
5.512,25.644,16.300,12.902
5.532,25.161,15.753,12.355
5.552,24.800,15.333,11.935
5.571,25.223,15.704,12.306
5.591,26.096,16.530,13.047
5.611,26.382,16.758,13.275
5.631,26.435,16.751,13.268
5.651,26.312,16.575,13.092
5.671,26.379,16.586,13.013
5.690,26.923,17.059,13.486
5.710,26.930,17.005,13.432
5.730,27.265,17.278,13.705
5.750,27.629,17.584,14.011
5.770,27.770,17.672,14.020
5.790,28.127,17.974,14.322
5.810,28.590,18.384,14.732
5.829,28.827,18.577,14.925
5.849,28.880,18.561,14.822
5.869,29.115,18.728,14.989
5.889,29.344,18.896,15.157
5.909,29.294,18.789,15.050
5.929,29.686,19.107,15.288
5.948,30.176,19.523,15.704
5.968,30.611,19.898,16.079
5.988,30.622,19.859,16.040
6.008,30.646,19.833,15.927
6.028,30.715,19.849,15.943
6.048,30.655,19.734,15.828
6.067,30.779,19.800,15.894
6.087,31.033,19.997,16.011
6.107,30.939,19.835,15.849
6.127,30.598,19.435,15.449
6.147,31.025,19.802,15.816
6.167,30.997,19.711,15.725
6.187,31.670,20.324,16.258
6.206,32.257,20.854,16.788
6.226,32.106,20.645,16.579
6.246,32.216,20.704,16.638
6.266,32.422,20.846,16.692
6.286,32.670,21.020,16.866
6.306,32.398,20.688,16.534
6.325,33.046,21.272,17.118
6.345,33.308,21.468,17.239
6.365,33.544,21.631,17.402
6.385,33.988,22.006,17.777
6.405,34.329,22.287,18.058
6.425,34.628,22.527,18.222
6.444,35.304,23.147,18.842
6.464,35.467,23.259,18.954
6.484,35.691,23.432,19.127
6.504,36.211,23.896,19.508
6.524,35.716,23.338,18.950
6.544,36.069,23.631,19.243
6.563,35.792,23.299,18.911
6.583,35.753,23.213,18.825
6.603,35.704,23.097,18.627
6.623,36.300,23.637,19.167
6.643,36.713,23.995,19.525
6.663,37.293,24.523,20.053
6.683,37.054,24.229,19.680
6.702,36.824,23.951,19.402
6.722,36.933,24.018,19.469
6.742,37.023,24.075,19.526
6.762,37.069,24.077,19.451
6.782,37.535,24.499,19.873
6.802,37.946,24.868,20.242
6.821,38.240,25.118,20.492
6.841,38.505,25.336,20.634
6.861,38.475,25.253,20.551
6.881,38.788,25.527,20.825
6.901,39.451,26.150,21.448
6.921,39.354,26.017,21.236
6.940,39.961,26.583,21.802
6.960,39.959,26.543,21.762
6.980,40.406,26.954,22.173
7.000,41.199,27.710,22.929
7.020,41.747,28.222,23.373
7.040,42.195,28.630,23.781
7.060,42.476,28.870,24.021
7.079,42.448,28.804,23.955
7.099,42.381,28.680,23.751
7.119,42.851,29.090,24.161
7.139,43.079,29.255,24.326
7.159,42.726,28.846,23.917
7.179,42.809,28.883,23.873
7.198,42.065,28.095,23.085
7.218,42.117,28.105,23.095
7.238,42.438,28.391,23.381
7.258,42.980,28.894,23.805
7.278,42.823,28.693,23.604
7.298,43.668,29.497,24.408
7.317,43.695,29.484,24.395
7.337,43.781,29.527,24.362
7.357,43.369,29.064,23.899
7.377,43.667,29.318,24.153
7.397,43.869,29.482,24.317
7.417,45.579,31.159,25.994
7.437,46.208,31.734,26.489
7.456,46.520,31.996,26.751
7.476,46.382,31.816,26.571
7.496,46.605,32.002,26.757
7.516,46.594,31.944,26.621
7.536,46.724,32.023,26.700
7.556,47.369,32.625,27.302
7.575,47.575,32.792,27.469
7.595,47.027,32.194,26.787
7.615,47.376,32.495,27.088
7.635,47.111,32.188,26.781
7.655,46.735,31.771,26.364
7.675,46.788,31.777,26.292
7.694,46.557,31.498,26.013
7.714,46.505,31.383,25.898
7.734,47.325,32.148,26.663
7.754,47.791,32.558,27.004
7.774,47.856,32.567,27.013
7.794,47.790,32.450,26.896
7.813,48.103,32.720,27.166
7.833,48.122,32.698,27.144
7.853,48.709,33.232,27.596
7.873,49.301,33.770,28.134
7.893,49.358,33.769,28.133
7.913,49.438,33.792,28.156
7.933,49.834,34.127,28.408
7.952,49.750,33.983,28.264
7.972,49.777,33.960,28.241
7.992,49.892,34.031,28.312
8.012,50.035,34.136,28.342
8.032,50.330,34.389,28.595
8.052,50.743,34.764,28.970
8.071,50.354,34.332,28.538
8.091,50.045,33.986,28.106
8.111,49.995,33.894,28.014
8.131,50.103,33.965,28.085
8.151,49.783,33.612,27.732
8.171,50.091,33.882,27.916
8.190,50.361,34.112,28.146
8.210,50.418,34.128,28.162
8.230,50.895,34.564,28.598
8.250,50.770,34.401,28.435
8.270,50.730,34.297,28.243
8.290,50.794,34.299,28.245
8.310,50.475,33.924,27.870
8.329,51.183,34.579,28.525
8.349,51.068,34.408,28.273
8.369,51.110,34.395,28.260
8.389,50.746,33.980,27.845
8.409,50.639,33.822,27.687
8.429,51.439,34.568,28.353
8.448,51.879,34.950,28.735
8.468,52.306,35.327,29.112
8.488,52.481,35.454,29.239
8.508,52.435,35.351,29.046
8.528,53.048,35.900,29.595
8.548,53.596,36.386,30.081
8.567,53.837,36.564,30.259
8.587,53.701,36.368,29.983
8.607,53.748,36.353,29.968
8.627,53.905,36.445,30.060
8.647,54.086,36.563,30.178
8.667,54.530,36.945,30.560
8.687,54.432,36.770,30.298
8.706,54.277,36.545,30.073
8.726,54.444,36.653,30.181
8.746,54.436,36.589,30.117
8.766,54.382,36.459,29.909
8.786,54.572,36.574,30.024
8.806,55.179,37.117,30.567
8.825,55.369,37.248,30.698
8.845,55.951,37.765,31.139
8.865,56.571,38.313,31.687
8.885,56.621,38.293,31.667
8.905,57.174,38.775,32.149
8.925,57.538,39.061,32.356
8.944,58.404,39.858,33.153
8.964,58.463,39.858,33.153
8.984,58.444,39.780,33.075
9.004,58.287,39.560,32.780
9.024,58.334,39.542,32.762
9.044,58.176,39.329,32.549
9.063,58.779,39.874,33.094
9.083,59.107,40.152,33.372
9.103,59.086,40.073,33.213
9.123,59.465,40.401,33.541
9.143,59.803,40.690,33.830
9.163,59.797,40.627,33.767
9.183,59.874,40.641,33.700
9.202,59.858,40.559,33.618
9.222,59.984,40.626,33.685
9.242,59.820,40.398,33.457
9.262,59.664,40.179,33.159
9.282,59.905,40.357,33.337
9.302,60.085,40.473,33.453
9.321,59.899,40.226,33.206
9.341,60.233,40.493,33.404
9.361,60.096,40.287,33.198
9.381,60.386,40.521,33.432
9.401,60.302,40.379,33.290
9.421,59.878,39.908,32.749
9.440,60.169,40.154,32.995
9.460,60.464,40.409,33.250
9.480,60.825,40.732,33.573
9.500,60.782,40.650,33.491
9.520,61.141,40.955,33.721
9.540,61.529,41.292,34.058
9.560,61.530,41.246,34.012
9.579,61.840,41.511,34.277
9.599,62.056,41.678,34.370
9.619,62.076,41.652,34.344
9.639,61.992,41.521,34.213
9.659,62.080,41.562,34.254
9.679,61.576,41.004,33.611
9.698,61.840,41.207,33.814
9.718,62.445,41.743,34.350
9.738,62.675,41.906,34.513
9.758,62.691,41.864,34.380
9.778,63.012,42.130,34.646
9.798,63.018,42.071,34.587
9.817,63.511,42.496,35.012
9.837,63.687,42.599,35.036
9.857,64.113,42.941,35.378
9.877,64.596,43.334,35.771
9.897,64.491,43.144,35.581
9.917,65.074,43.652,36.089
9.937,65.294,43.788,36.154
9.956,65.626,44.041,36.407
9.976,65.528,43.876,36.242
9.996,66.206,44.489,36.855
