date,d2,d10,kind
2023-01-06,-21.0,-16.0,bull-steepening
2023-02-03,21.0,13.0,bear-flattening
2023-03-10,-30.0,-23.0,bull-steepening
2023-04-07,15.0,9.0,bear-flattening
2023-05-05,17.0,7.0,bear-flattening
2023-06-02,17.0,8.0,bear-flattening
2023-07-07,-5.0,1.0,bull-steepening
2023-08-04,-12.0,-15.0,bull-flattening
2023-09-01,2.0,9.0,bear-steepening
2023-10-06,5.0,6.0,bear-steepening
2023-11-03,-15.0,-10.0,bull-steepening
2023-12-08,13.0,9.0,bear-flattening
2024-01-05,2.0,6.0,bear-steepening
2024-02-02,16.0,16.0,bear-flattening
2024-03-08,-2.0,0.0,bull-steepening
2024-04-05,8.0,8.0,bear-flattening
2024-05-03,-6.0,-8.0,bull-flattening
2024-06-07,15.0,15.0,bear-flattening
2024-07-05,-11.0,-8.0,bull-steepening
2024-08-02,-28.0,-19.0,bull-steepening
2024-09-06,-9.0,-1.0,bull-steepening
2024-10-04,23.0,13.0,bear-flattening
2024-11-01,5.0,9.0,bear-steepening
2024-12-06,-5.0,-2.0,bull-steepening
2025-01-10,13.0,9.0,bear-flattening
2025-02-07,8.0,4.0,bear-flattening
2025-03-07,3.0,3.0,bear-flattening
2025-04-04,-3.0,-5.0,bull-flattening
2025-05-02,13.0,8.0,bear-flattening
2025-06-06,12.0,11.0,bear-flattening
2025-07-03,10.0,5.0,bear-flattening
2025-08-01,-25.0,-14.0,bull-steepening
2025-09-05,-8.0,-7.0,bull-steepening
2025-11-20,-3.0,-3.0,bull-flattening
2025-12-16,-3.0,-3.0,bull-steepening
2026-01-09,5.0,-1.0,bear-flattening
2026-02-11,7.0,2.0,bear-flattening
2026-03-06,-1.0,2.0,bear-steepening
2026-04-03,5.0,4.0,bear-flattening
2026-05-08,-2.0,-3.0,bull-flattening
2026-06-05,12.0,8.0,bear-flattening
2026-07-02,-3.0,1.0,bull-steepening
2026-08-07,-6.0,-4.0,bull-steepening
2026-09-04,3.0,1.0,bear-flattening
