size,pnl
21.56,-20.58
25.24,13.26
27.48,-11.56
42.75,-9.48
27.91,6.23
34.64,-1.31
43.99,44.39
40.36,-8.91
26.70,-4.90
21.19,-21.94
42.93,-11.22
24.48,-15.15
43.72,27.78
30.70,-3.56
40.09,3.71
27.85,7.75
34.63,19.40
30.52,-9.87
29.10,-21.46
41.89,52.67
22.23,-18.08
35.06,12.60
40.34,-6.52
24.03,17.40
43.91,-16.50
37.91,-2.48
40.19,8.15
25.68,5.84
33.31,4.13
33.87,17.94
27.03,-19.65
23.32,28.78
33.83,4.16
39.40,-40.09
40.60,-28.28
25.69,5.00
37.31,-4.05
31.72,-3.64
44.28,-8.36
31.24,24.38
41.88,43.52
33.58,0.17
34.41,-9.23
25.10,11.00
41.28,7.82
29.61,18.71
35.12,-5.46
26.30,-2.71
38.22,-14.25
33.74,-1.99
36.05,-13.39
33.79,-1.54
21.23,27.81
30.08,21.88
26.91,5.81
29.88,-16.93
34.58,4.37
29.27,4.89
25.21,0.18
38.47,-3.29
42.88,-0.55
29.69,-8.81
42.45,12.26
41.03,6.09
20.12,4.39
22.04,-4.76
36.15,20.51
25.06,-20.62
29.12,-7.78
43.17,2.82
25.59,9.19
30.52,28.69
28.38,26.77
36.82,19.43
20.49,12.93
26.84,-10.99
32.45,20.54
34.71,11.73
26.87,-10.88
42.10,8.89
31.84,-16.85
42.36,0.01
21.28,7.57
31.96,18.98
30.96,21.30
44.57,33.39
43.31,4.65
35.50,-7.53
32.60,-4.88
26.46,23.64
39.99,-18.33
33.89,22.38
37.17,-24.23
29.21,3.46
22.68,20.82
35.83,0.13
44.85,-11.39
43.64,3.54
27.51,3.55
21.74,9.04
25.89,8.25
26.04,10.02
22.21,9.10
42.48,-9.28
40.58,-6.00
38.21,14.75
33.80,-23.09
39.35,23.69
41.51,18.16
38.95,-15.22
40.44,2.34
31.13,19.12
37.41,-28.78
30.55,18.66
30.01,-23.50
35.83,16.28
30.95,-47.85
25.83,15.74
32.19,19.33
22.83,9.19
43.76,7.86
37.46,-13.26
22.42,-15.51
42.94,21.70
44.94,17.20
40.33,6.38
42.75,-4.03
20.75,7.30
38.84,-0.59
24.24,14.56
33.34,14.23
20.47,-31.70
36.83,-0.81
23.69,-1.96
29.07,8.37
33.79,-7.71
31.76,-6.37
36.88,-3.91
20.15,13.73
34.91,2.98
38.80,6.28
26.21,8.98
31.83,-31.04
20.95,19.78
36.45,-0.98
23.93,21.04
28.83,29.88
38.23,10.13
39.68,15.85
23.25,-7.90
28.26,17.03
23.59,1.77
34.80,12.59
30.93,-4.04
35.80,4.12
23.55,2.26
22.37,-5.95
30.62,5.83
38.39,-2.37
26.57,-15.08
36.59,3.28
26.08,-0.29
36.80,19.62
24.88,-9.84
34.31,2.09
39.56,9.36
23.93,-11.98
20.92,10.95
37.63,35.78
21.28,-10.65
44.66,-3.62
32.60,-0.65
23.22,9.86
20.19,6.35
36.12,8.87
29.27,-9.58
26.36,8.80
39.36,47.33
35.83,-5.56
44.49,40.04
44.00,1.95
36.49,19.97
41.15,11.26
32.25,14.69
44.70,-17.62
37.75,13.82
21.44,-9.57
28.99,25.42
28.59,-7.78
44.38,27.74
34.49,11.06
39.88,9.39
41.90,-0.49
36.61,0.74
26.49,-10.59
22.48,-11.88
25.20,1.12
25.37,11.96
37.64,-14.00
42.20,11.52
36.25,44.45
29.02,14.82
34.26,35.82
41.11,-21.09
28.41,-15.42
41.99,51.64
37.90,10.98
40.05,7.69
34.62,9.40
42.06,-9.54
27.40,-28.05
35.28,12.62
23.32,-20.26
42.52,-0.43
23.57,-18.15
20.15,-13.21
20.68,7.98
34.47,17.70
42.69,11.24
44.88,9.48
35.39,-33.04
37.98,-42.06
34.03,33.79
24.83,12.54
23.80,-22.49
32.71,-0.06
25.86,-16.43
39.78,-7.18
23.19,18.05
32.76,12.58
42.48,-24.09
32.17,18.01
39.55,3.95
24.77,8.81
36.35,18.02
41.78,19.34
20.12,22.07
40.13,-10.44
43.57,13.32
