ms,flood,sqrt
0,0.0017,0.0017
2,0.0017,0.0017
4,0.0017,0.0017
6,0.0050,0.0017
8,0.0050,0.0017
10,0.0117,0.0017
12,0.0117,0.0017
14,0.0117,0.0017
16,0.0200,0.0050
18,0.0200,0.0050
20,0.0283,0.0067
22,0.0283,0.0067
24,0.0283,0.0067
26,0.0367,0.0083
28,0.0367,0.0083
30,0.0450,0.0133
32,0.0450,0.0133
34,0.0450,0.0133
36,0.0550,0.0167
38,0.0550,0.0167
40,0.0700,0.0217
42,0.0700,0.0217
44,0.0750,0.0217
46,0.0917,0.0267
48,0.0917,0.0267
50,0.1133,0.0300
52,0.1133,0.0300
54,0.1450,0.0300
56,0.1467,0.0317
58,0.1467,0.0317
60,0.1767,0.0350
62,0.1767,0.0350
64,0.1950,0.0367
66,0.1950,0.0367
68,0.1950,0.0367
70,0.2050,0.0400
72,0.2050,0.0400
74,0.2133,0.0467
76,0.2400,0.0567
78,0.2400,0.0567
80,0.3067,0.0650
82,0.3500,0.0683
84,0.4617,0.0767
86,0.5750,0.0867
88,0.6250,0.0900
90,0.7500,0.1250
92,0.8033,0.1383
94,0.8250,0.1567
96,0.8617,0.1700
98,0.8733,0.1833
100,0.9183,0.2250
102,0.9183,0.2500
104,0.9317,0.2950
106,0.9550,0.3417
108,0.9650,0.3600
110,0.9767,0.4067
112,0.9767,0.4550
114,0.9800,0.5017
116,0.9850,0.5417
118,0.9867,0.5850
120,0.9883,0.6600
122,0.9883,0.6800
124,0.9883,0.7117
126,0.9883,0.7383
128,0.9917,0.7650
130,0.9917,0.8000
132,0.9917,0.8017
134,0.9917,0.8250
136,0.9917,0.8467
138,0.9917,0.8517
140,0.9917,0.8600
142,0.9917,0.8617
144,0.9917,0.8717
146,0.9933,0.8917
148,0.9933,0.8983
150,0.9933,0.9067
152,0.9950,0.9083
154,0.9950,0.9150
156,0.9950,0.9250
158,0.9950,0.9283
160,1.0000,0.9333
162,1.0000,0.9333
164,1.0000,0.9400
166,1.0000,0.9417
168,1.0000,0.9417
170,1.0000,0.9483
172,1.0000,0.9500
174,1.0000,0.9500
176,1.0000,0.9517
178,1.0000,0.9517
180,1.0000,0.9517
