stat,value
first,2002-05
last,2025-12
months,284
ann_return,0.02691810263878437
ann_vol,0.07184826235119278
sharpe,0.37465210372394603
skew,-0.5959420816085194
worst,-0.1051929444598312
worst_at,2008-10
autumn_2008,-0.19387579454155068
carry_part,0.03126868748127562
spot_part,-0.004350584842491256
long_EUR,0
long_JPY,0
long_GBP,103
long_CHF,0
long_AUD,218
long_NZD,271
long_CAD,72
long_SEK,0
long_NOK,188
short_EUR,159
short_JPY,177
short_GBP,11
short_CHF,284
short_AUD,0
short_NZD,0
short_CAD,49
short_SEK,166
short_NOK,6
