strike,before,sticky_delta
80,26.780,23.792
81,26.022,23.124
82,25.295,22.485
83,24.598,21.875
84,23.929,21.292
85,23.288,20.736
86,22.674,20.206
87,22.085,19.700
88,21.522,19.219
89,20.983,18.762
90,20.468,18.327
91,19.975,17.914
92,19.505,17.522
93,19.056,17.151
94,18.629,16.800
95,18.221,16.469
96,17.834,16.157
97,17.465,15.863
98,17.115,15.587
99,16.783,15.328
100,16.469,15.086
101,16.172,14.860
102,15.891,14.650
103,15.627,14.456
104,15.378,14.277
105,15.145,14.112
106,14.926,13.962
107,14.722,13.825
108,14.532,13.702
109,14.356,13.592
110,14.193,13.495
111,14.043,13.410
112,13.905,13.337
113,13.781,13.276
114,13.668,13.226
115,13.566,13.188
116,13.477,13.161
117,13.398,13.144
118,13.330,13.137
119,13.273,13.141
120,13.226,13.154
