year,base,shifts
1.000,-0.07,-0.05
1.020,-0.05,-0.08
1.040,-0.04,-0.10
1.060,0.01,-0.17
1.079,-0.03,-0.19
1.099,-0.04,-0.10
1.119,-0.09,-0.08
1.139,-0.07,-0.18
1.159,-0.01,-0.16
1.179,-0.02,-0.23
1.198,-0.03,-0.23
1.218,-0.03,-0.26
1.238,-0.05,-0.21
1.258,-0.03,-0.23
1.278,-0.01,-0.16
1.298,-0.01,-0.15
1.317,0.02,-0.15
1.337,0.06,-0.13
1.357,0.20,-0.08
1.377,0.19,-0.07
1.397,0.15,-0.05
1.417,0.20,-0.04
1.437,0.30,-0.02
1.456,0.30,-0.06
1.476,0.36,-0.05
1.496,0.29,-0.09
1.516,0.29,0.00
1.536,0.22,-0.08
1.556,0.35,-0.12
1.575,0.32,-0.07
1.595,0.38,-0.03
1.615,0.45,-0.02
1.635,0.49,0.03
1.655,0.49,0.02
1.675,0.45,0.10
1.694,0.43,0.10
1.714,0.46,0.06
1.734,0.39,0.05
1.754,0.40,0.08
1.774,0.46,0.09
1.794,0.48,0.14
1.813,0.43,0.14
1.833,0.39,0.14
1.853,0.36,0.11
1.873,0.37,0.13
1.893,0.39,0.11
1.913,0.43,0.11
1.933,0.45,0.08
1.952,0.41,0.04
1.972,0.37,0.07
1.992,0.37,0.08
2.012,0.47,0.13
2.032,0.51,0.08
2.052,0.53,0.07
2.071,0.43,0.06
2.091,0.42,0.03
2.111,0.51,0.00
2.131,0.44,-0.06
2.151,0.47,-0.05
2.171,0.48,0.03
2.190,0.49,0.05
2.210,0.55,0.01
2.230,0.55,-0.02
2.250,0.53,0.02
2.270,0.51,-0.09
2.290,0.51,-0.09
2.310,0.52,-0.09
2.329,0.52,-0.16
2.349,0.58,-0.16
2.369,0.62,-0.11
2.389,0.63,-0.10
2.409,0.68,-0.10
2.429,0.66,-0.10
2.448,0.63,-0.07
2.468,0.64,-0.24
2.488,0.62,-0.22
2.508,0.49,-0.28
2.528,0.50,-0.29
2.548,0.52,-0.33
2.567,0.53,-0.31
2.587,0.51,-0.25
2.607,0.52,-0.31
2.627,0.54,-0.30
2.647,0.58,-0.29
2.667,0.62,-0.27
2.687,0.54,-0.37
2.706,0.55,-0.34
2.726,0.57,-0.36
2.746,0.58,-0.37
2.766,0.49,-0.42
2.786,0.50,-0.43
2.806,0.48,-0.39
2.825,0.41,-0.40
2.845,0.43,-0.42
2.865,0.45,-0.34
2.885,0.51,-0.39
2.905,0.52,-0.29
2.925,0.48,-0.20
2.944,0.56,-0.12
2.964,0.58,-0.15
2.984,0.61,-0.14
3.004,0.57,-0.12
3.024,0.65,-0.11
3.044,0.68,-0.15
3.063,0.70,-0.14
3.083,0.71,-0.10
3.103,0.68,-0.08
3.123,0.61,-0.15
3.143,0.62,-0.16
3.163,0.59,-0.33
3.183,0.58,-0.30
3.202,0.58,-0.31
3.222,0.63,-0.37
3.242,0.65,-0.36
3.262,0.71,-0.37
3.282,0.72,-0.31
3.302,0.73,-0.29
3.321,0.75,-0.27
3.341,0.75,-0.30
3.361,0.71,-0.32
3.381,0.67,-0.32
3.401,0.65,-0.33
3.421,0.61,-0.32
3.440,0.68,-0.30
3.460,0.70,-0.34
3.480,0.70,-0.35
3.500,0.78,-0.38
3.520,0.80,-0.36
3.540,0.79,-0.37
3.560,0.86,-0.39
3.579,0.90,-0.37
3.599,0.90,-0.52
3.619,0.90,-0.43
3.639,0.91,-0.40
3.659,0.90,-0.33
3.679,0.89,-0.47
3.698,0.83,-0.65
3.718,0.88,-0.60
3.738,0.91,-0.62
3.758,0.85,-0.60
3.778,0.84,-0.46
3.798,0.79,-0.46
3.817,0.81,-0.54
3.837,0.86,-0.51
3.857,0.86,-0.50
3.877,0.84,-0.44
3.897,0.89,-0.46
3.917,0.86,-0.44
3.937,0.82,-0.42
3.956,0.76,-0.45
3.976,0.80,-0.45
3.996,0.84,-0.43
4.016,0.82,-0.45
4.036,0.85,-0.46
4.056,0.82,-0.40
4.075,0.82,-0.41
4.095,0.78,-0.43
4.115,0.79,-0.45
4.135,0.80,-0.46
4.155,0.82,-0.45
4.175,0.79,-0.48
4.194,0.82,-0.42
4.214,0.84,-0.40
4.234,0.84,-0.44
4.254,0.86,-0.45
4.274,0.87,-0.40
4.294,0.80,-0.38
4.313,0.84,-0.37
4.333,0.89,-0.31
4.353,0.87,-0.25
4.373,0.85,-0.28
4.393,0.88,-0.38
4.413,0.95,-0.43
4.433,0.97,-0.43
4.452,1.02,-0.40
4.472,1.01,-0.46
4.492,1.03,-0.47
4.512,1.02,-0.45
4.532,1.01,-0.44
4.552,1.03,-0.26
4.571,0.99,-0.12
4.591,1.05,-0.12
4.611,1.05,-0.19
4.631,1.05,-0.26
4.651,1.06,-0.28
4.671,1.05,-0.26
4.690,1.03,-0.21
4.710,1.08,-0.20
4.730,1.17,-0.27
4.750,1.16,-0.20
4.770,1.12,-0.19
4.790,1.10,-0.23
4.810,1.13,-0.32
4.829,1.19,-0.27
4.849,1.16,-0.27
4.869,1.14,-0.35
4.889,1.14,-0.35
4.909,1.22,-0.32
4.929,1.19,-0.26
4.948,1.16,-0.29
4.968,1.06,-0.28
4.988,1.09,-0.29
5.008,1.17,-0.23
5.028,1.27,-0.24
5.048,1.33,-0.28
5.067,1.36,-0.25
5.087,1.35,-0.23
5.107,1.40,-0.19
5.127,1.37,-0.20
5.147,1.33,-0.16
5.167,1.35,-0.44
5.187,1.42,-0.46
5.206,1.43,-0.38
5.226,1.43,-0.38
5.246,1.41,-0.42
5.266,1.45,-0.53
5.286,1.44,-0.53
5.306,1.38,-0.53
5.325,1.38,-0.54
5.345,1.29,-0.52
5.365,1.35,-0.47
5.385,1.38,-0.45
5.405,1.37,-0.52
5.425,1.39,-0.49
5.444,1.36,-0.42
5.464,1.37,-0.36
5.484,1.38,-0.36
5.504,1.45,-0.22
5.524,1.53,-0.21
5.544,1.56,-0.16
5.563,1.58,-0.18
5.583,1.58,-0.20
5.603,1.51,-0.30
5.623,1.41,-0.28
5.643,1.39,-0.29
5.663,1.38,-0.26
5.683,1.39,-0.23
5.702,1.43,-0.17
5.722,1.42,-0.19
5.742,1.38,-0.12
5.762,1.36,-0.06
5.782,1.32,-0.04
5.802,1.32,0.10
5.821,1.31,-0.04
5.841,1.23,0.13
5.861,1.17,0.16
5.881,1.14,0.10
5.901,1.25,0.14
5.921,1.22,0.09
5.940,1.23,0.15
5.960,1.22,0.22
5.980,1.16,0.35
6.000,1.17,0.39
6.020,1.20,0.43
6.040,1.26,0.45
6.060,1.31,0.36
6.079,1.31,0.36
6.099,1.30,0.32
6.119,1.35,0.31
6.139,1.37,0.43
6.159,1.42,0.47
6.179,1.39,0.38
6.198,1.46,0.38
6.218,1.47,0.33
6.238,1.43,0.34
6.258,1.44,0.32
6.278,1.44,0.31
6.298,1.53,0.24
6.317,1.53,0.22
6.337,1.53,0.14
6.357,1.56,0.23
6.377,1.56,0.28
6.397,1.65,0.22
6.417,1.61,0.25
6.437,1.66,0.19
6.456,1.65,0.21
6.476,1.70,0.16
6.496,1.66,0.20
6.516,1.67,0.19
6.536,1.69,0.20
6.556,1.73,0.15
6.575,1.75,0.10
6.595,1.75,0.07
6.615,1.68,0.07
6.635,1.72,0.21
6.655,1.76,0.24
6.675,1.71,0.34
6.694,1.78,0.34
6.714,1.79,0.37
6.734,1.79,0.45
6.754,1.77,0.51
6.774,1.71,0.59
6.794,1.78,0.61
6.813,1.79,0.72
6.833,1.91,0.68
6.853,2.04,0.64
6.873,2.04,0.55
6.893,2.12,0.54
6.913,2.08,0.52
6.933,2.15,0.45
6.952,2.18,0.55
6.972,2.22,0.52
6.992,2.18,0.63
7.012,2.22,0.69
7.032,2.28,0.58
7.052,2.36,0.55
7.071,2.35,0.54
7.091,2.34,0.41
7.111,2.37,0.37
7.131,2.32,0.50
7.151,2.33,0.79
7.171,2.34,0.90
7.190,2.33,1.03
7.210,2.40,0.84
7.230,2.43,0.99
7.250,2.47,0.93
7.270,2.46,0.91
7.290,2.43,0.93
7.310,2.40,0.92
7.329,2.35,1.03
7.349,2.37,0.97
7.369,2.43,1.00
7.389,2.36,1.07
7.409,2.38,1.17
7.429,2.37,1.15
7.448,2.45,1.11
7.468,2.51,1.01
7.488,2.52,0.98
7.508,2.57,0.90
7.528,2.68,0.96
7.548,2.59,0.97
7.567,2.59,0.96
7.587,2.62,0.91
7.607,2.54,0.90
7.627,2.54,1.01
7.647,2.49,1.04
7.667,2.55,0.97
7.687,2.63,0.91
7.706,2.66,0.94
7.726,2.67,0.93
7.746,2.65,0.88
7.766,2.70,0.90
7.786,2.68,0.76
7.806,2.66,0.78
7.825,2.65,0.72
7.845,2.62,0.75
7.865,2.64,0.77
7.885,2.60,0.87
7.905,2.58,1.04
7.925,2.54,0.94
7.944,2.56,0.91
7.964,2.67,0.95
7.984,2.72,1.04
8.004,2.73,1.02
8.024,2.70,1.01
8.044,2.78,0.96
8.063,2.75,0.81
8.083,2.78,0.83
8.103,2.76,0.75
8.123,2.77,0.70
8.143,2.76,0.67
8.163,2.73,0.78
8.183,2.81,0.68
8.202,2.84,0.72
8.222,2.86,0.66
8.242,2.83,0.74
8.262,2.89,0.80
8.282,2.95,0.85
8.302,2.89,0.82
8.321,2.95,0.82
8.341,3.00,0.82
8.361,3.01,0.87
8.381,3.03,0.90
8.401,3.00,0.88
8.421,3.02,0.91
8.440,2.93,0.92
8.460,3.01,0.99
8.480,3.04,0.97
8.500,3.07,1.06
8.520,3.11,1.14
8.540,3.13,1.04
8.560,3.11,1.04
8.579,3.14,1.09
8.599,3.14,1.02
8.619,3.20,1.10
8.639,3.18,1.19
8.659,3.15,1.17
8.679,3.13,1.09
8.698,3.16,1.10
8.718,3.22,1.28
8.738,3.21,1.32
8.758,3.27,1.34
8.778,3.33,1.38
8.798,3.28,1.27
8.817,3.37,1.30
8.837,3.40,1.25
8.857,3.45,1.16
8.877,3.49,1.08
8.897,3.53,1.07
8.917,3.61,1.03
8.937,3.63,0.92
8.956,3.64,1.08
8.976,3.64,1.11
8.996,3.63,1.14
9.016,3.62,1.07
9.036,3.59,1.07
9.056,3.60,1.18
9.075,3.75,1.20
9.095,3.76,1.15
9.115,3.82,1.14
9.135,3.80,1.23
9.155,3.78,1.13
9.175,3.72,1.03
9.194,3.70,1.06
9.214,3.79,1.09
9.234,3.68,1.13
9.254,3.78,1.13
9.274,3.86,1.20
9.294,3.87,1.20
9.313,3.85,1.24
9.333,3.84,1.22
9.353,3.78,1.28
9.373,3.85,1.26
9.393,3.95,1.26
9.413,3.97,1.38
9.433,3.96,1.34
9.452,3.95,1.32
9.472,4.00,1.36
9.492,3.99,1.37
9.512,4.05,1.44
9.532,4.08,1.47
9.552,4.09,1.46
9.571,4.17,1.46
9.591,4.19,1.41
9.611,4.23,1.45
9.631,4.13,1.47
9.651,4.15,1.49
9.671,4.17,1.50
9.690,4.18,1.52
9.710,4.22,1.49
9.730,4.20,1.50
9.750,4.15,1.48
9.770,4.24,1.50
9.790,4.26,1.46
9.810,4.24,1.45
9.829,4.26,1.45
9.849,4.24,1.46
9.869,4.25,1.45
9.889,4.23,1.46
9.909,4.25,1.50
9.929,4.27,1.51
9.948,4.31,1.52
9.968,4.30,1.50
9.988,4.26,1.54
