date,usd_per_eur,jpy_per_eur
2016-01-04,1.0898,129.78
2016-01-05,1.0746,127.88
2016-01-06,1.0742,127.19
2016-01-07,1.0868,127.74
2016-01-08,1.0861,128.51
2016-01-11,1.0888,128.33
2016-01-12,1.0836,127.79
2016-01-13,1.0816,127.74
2016-01-14,1.0893,128.26
2016-01-15,1.0914,127.8
2016-01-18,1.0892,127.78
2016-01-19,1.0868,128.12
2016-01-20,1.0907,127.28
2016-01-21,1.0893,127.43
2016-01-22,1.0808,127.77
2016-01-25,1.0815,128.07
2016-01-26,1.0837,128.22
2016-01-27,1.0888,128.91
2016-01-28,1.0903,129.62
2016-01-29,1.092,132.25
2016-02-01,1.0884,131.99
2016-02-02,1.0919,131.84
2016-02-03,1.0933,130.58
2016-02-04,1.1206,131.49
2016-02-05,1.1202,130.71
2016-02-08,1.1101,129.11
2016-02-09,1.1236,129.07
2016-02-10,1.1257,129.42
2016-02-11,1.1347,127.3
2016-02-12,1.1275,127.07
2016-02-15,1.118,127.6
2016-02-16,1.1166,127.02
2016-02-17,1.1136,127.1
2016-02-18,1.1084,126.17
2016-02-19,1.1096,125.4
2016-02-22,1.1026,124.85
2016-02-23,1.1002,123.12
2016-02-24,1.0981,122.86
2016-02-25,1.1027,124.01
2016-02-26,1.1006,124.42
2016-02-29,1.0888,123.14
2016-03-01,1.0872,122.94
2016-03-02,1.0856,124.07
2016-03-03,1.0901,124.23
2016-03-04,1.097,124.77
2016-03-07,1.0953,124.45
2016-03-08,1.1028,124.6
2016-03-09,1.0973,123.63
2016-03-10,1.0857,123.87
2016-03-11,1.109,126.17
2016-03-14,1.1119,126.36
2016-03-15,1.1109,125.36
2016-03-16,1.1064,125.68
2016-03-17,1.1311,126.28
2016-03-18,1.1279,125.79
2016-03-21,1.1271,125.94
2016-03-22,1.1212,125.13
2016-03-23,1.1171,126.01
2016-03-24,1.1154,125.41
2016-03-29,1.1194,127.13
2016-03-30,1.1324,127.37
2016-03-31,1.1385,127.9
2016-04-01,1.1432,128.07
2016-04-04,1.138,126.97
2016-04-05,1.1367,125.81
2016-04-06,1.1336,125.13
2016-04-07,1.1364,123.15
2016-04-08,1.1363,123.36
2016-04-11,1.139,123.28
2016-04-12,1.1396,123.44
2016-04-13,1.1298,123.47
2016-04-14,1.1252,123.09
2016-04-15,1.1284,122.91
2016-04-18,1.1306,122.32
2016-04-19,1.1343,124.1
2016-04-20,1.1379,124.2
2016-04-21,1.1355,124.5
2016-04-22,1.1263,124.86
2016-04-25,1.1264,124.95
2016-04-26,1.1287,125.45
2016-04-27,1.1303,125.79
2016-04-28,1.1358,122.84
2016-04-29,1.1403,122.34
2016-05-02,1.1493,122.47
2016-05-03,1.1569,122.53
2016-05-04,1.1505,122.62
2016-05-05,1.1439,122.51
2016-05-06,1.1427,122.23
2016-05-09,1.1395,123.39
2016-05-10,1.1375,124.12
2016-05-11,1.1409,124.09
2016-05-12,1.1389,124.5
2016-05-13,1.1348,123.56
2016-05-16,1.1324,123.27
2016-05-17,1.1318,123.93
2016-05-18,1.1279,123.38
2016-05-19,1.1197,123.17
2016-05-20,1.1219,123.81
2016-05-23,1.1215,122.7
2016-05-24,1.1168,122.56
2016-05-25,1.1146,122.79
2016-05-26,1.1168,122.93
2016-05-27,1.1168,122.46
2016-05-30,1.1139,123.85
2016-05-31,1.1154,123.83
2016-06-01,1.1174,122.07
2016-06-02,1.1188,121.96
2016-06-03,1.1154,121.47
2016-06-06,1.1349,121.58
2016-06-07,1.1348,122.16
2016-06-08,1.1378,121.77
2016-06-09,1.1343,120.72
2016-06-10,1.1304,120.79
2016-06-13,1.1268,119.51
2016-06-14,1.1225,118.98
2016-06-15,1.123,119.29
2016-06-16,1.1174,116.65
2016-06-17,1.1254,117.34
2016-06-20,1.1332,118.57
2016-06-21,1.1314,118.39
2016-06-22,1.1283,118.01
2016-06-23,1.1389,120.38
2016-06-24,1.1066,113.23
2016-06-27,1.0998,111.8
2016-06-28,1.1073,113.4
2016-06-29,1.109,113.85
2016-06-30,1.1102,114.05
2016-07-01,1.1135,114.29
2016-07-04,1.1138,114.29
2016-07-05,1.1146,113.5
2016-07-06,1.1069,111.48
2016-07-07,1.108,111.9
2016-07-08,1.107,111.17
2016-07-11,1.1049,113.23
2016-07-12,1.1092,115.29
2016-07-13,1.1072,115.82
2016-07-14,1.1157,117.88
2016-07-15,1.1128,117.63
2016-07-18,1.1053,116.82
2016-07-19,1.1035,117.2
2016-07-20,1.1013,117.33
2016-07-21,1.1015,117.05
2016-07-22,1.1014,116.86
2016-07-25,1.0982,116.64
2016-07-26,1.0997,114.67
2016-07-27,1.0991,116.23
2016-07-28,1.109,116.14
2016-07-29,1.1113,114.83
2016-08-01,1.1164,114.28
2016-08-02,1.1193,113.72
2016-08-03,1.12,113.22
2016-08-04,1.1136,112.66
2016-08-05,1.1156,112.73
2016-08-08,1.1087,113.59
2016-08-09,1.1078,113.27
2016-08-10,1.1184,113.09
2016-08-11,1.1153,113.05
2016-08-12,1.1158,113.77
2016-08-15,1.118,112.97
2016-08-16,1.1295,112.74
2016-08-17,1.1276,113.53
2016-08-18,1.1321,113.6
2016-08-19,1.1326,113.53
2016-08-22,1.1306,113.73
2016-08-23,1.1339,113.48
2016-08-24,1.1268,112.95
2016-08-25,1.129,113.45
2016-08-26,1.129,113.33
2016-08-29,1.117,114.24
2016-08-30,1.1168,114.27
2016-08-31,1.1132,115.01
2016-09-01,1.1146,115.59
2016-09-02,1.1193,115.83
2016-09-05,1.1156,115.24
2016-09-06,1.1159,115.39
2016-09-07,1.1237,114.23
2016-09-08,1.1296,114.8
2016-09-09,1.1268,115.85
2016-09-12,1.1226,114.38
2016-09-13,1.1247,114.98
2016-09-14,1.1218,115.37
2016-09-15,1.1254,114.98
2016-09-16,1.1226,114.35
2016-09-19,1.1165,113.65
2016-09-20,1.1184,113.93
2016-09-21,1.115,112.49
2016-09-22,1.1238,113.19
2016-09-23,1.1214,113.02
2016-09-26,1.1262,113.11
2016-09-27,1.122,112.52
2016-09-28,1.1225,112.93
2016-09-29,1.1221,113.88
2016-09-30,1.1161,113.09
2016-10-03,1.1236,113.9
2016-10-04,1.1161,114.5
2016-10-05,1.1211,115.65
2016-10-06,1.1185,116
2016-10-07,1.114,115.44
2016-10-10,1.116,115.39
2016-10-11,1.1079,114.9
2016-10-12,1.102,114.5
2016-10-13,1.1038,114.49
2016-10-14,1.1002,114.76
2016-10-17,1.0994,114.46
2016-10-18,1.0993,114.37
2016-10-19,1.0979,113.49
2016-10-20,1.098,113.76
2016-10-21,1.0886,112.96
2016-10-24,1.0891,113.29
2016-10-25,1.0872,113.65
2016-10-26,1.0925,113.97
2016-10-27,1.0927,114.39
2016-10-28,1.0922,115.1
2016-10-31,1.0946,114.97
2016-11-01,1.1025,115.57
2016-11-02,1.1095,114.62
2016-11-03,1.1064,114.25
2016-11-04,1.1093,114.24
2016-11-07,1.1062,115.4
2016-11-08,1.1038,115.66
2016-11-09,1.1022,114.54
2016-11-10,1.0895,116.4
2016-11-11,1.0904,115.96
2016-11-14,1.0777,116.27
2016-11-15,1.0765,116.55
2016-11-16,1.0702,117.25
2016-11-17,1.0717,117.12
2016-11-18,1.0629,116.95
2016-11-21,1.0631,117.59
2016-11-22,1.0617,117.74
2016-11-23,1.0602,118.04
2016-11-24,1.0548,119.43
2016-11-25,1.0592,119.73
2016-11-28,1.0588,119.25
2016-11-29,1.0576,119.48
2016-11-30,1.0635,120.48
2016-12-01,1.0627,121.39
2016-12-02,1.0642,121.2
2016-12-05,1.0702,122.32
2016-12-06,1.0734,122.28
2016-12-07,1.073,122.42
2016-12-08,1.0762,122.61
2016-12-09,1.0559,121.48
2016-12-12,1.0596,122.69
2016-12-13,1.061,122.27
2016-12-14,1.0644,122.39
2016-12-15,1.0419,123.03
2016-12-16,1.0439,123.38
2016-12-19,1.0422,122.19
2016-12-20,1.0364,122.43
2016-12-21,1.0421,122.31
2016-12-22,1.0444,122.86
2016-12-23,1.0446,122.6
2016-12-27,1.0445,122.61
2016-12-28,1.0401,122.39
2016-12-29,1.0453,122.04
2016-12-30,1.0541,123.4
2017-01-02,1.0465,122.92
2017-01-03,1.0385,122.75
2017-01-04,1.0437,122.64
2017-01-05,1.0501,122.38
2017-01-06,1.0589,122.83
2017-01-09,1.0516,122.66
2017-01-10,1.0567,122.84
2017-01-11,1.0503,122.14
2017-01-12,1.0679,121.69
2017-01-13,1.0661,121.91
2017-01-16,1.0594,120.91
2017-01-17,1.0684,121.1
2017-01-18,1.0664,121.05
2017-01-19,1.0668,122.23
2017-01-20,1.0632,122.47
2017-01-23,1.0715,121.72
2017-01-24,1.0748,121.85
2017-01-25,1.0743,121.79
2017-01-26,1.07,122.4
2017-01-27,1.0681,123.01
2017-01-30,1.063,121.76
2017-01-31,1.0755,121.94
2017-02-01,1.079,122.25
2017-02-02,1.0808,121.4
2017-02-03,1.0741,121.49
2017-02-06,1.0712,120.28
2017-02-07,1.0675,119.94
2017-02-08,1.0665,119.39
2017-02-09,1.0692,120.04
2017-02-10,1.0629,120.65
2017-02-13,1.0629,120.9
2017-02-14,1.0623,120.43
2017-02-15,1.0555,120.85
2017-02-16,1.0652,120.95
2017-02-17,1.065,120.08
2017-02-20,1.0616,120.11
2017-02-21,1.0537,119.77
2017-02-22,1.0513,118.79
2017-02-23,1.0573,119.3
2017-02-24,1.0609,119.04
2017-02-27,1.0587,118.87
2017-02-28,1.0597,118.83
2017-03-01,1.0533,119.84
2017-03-02,1.0514,120.24
2017-03-03,1.0565,120.83
2017-03-06,1.0592,120.55
2017-03-07,1.0576,120.61
2017-03-08,1.0556,120.65
2017-03-09,1.0551,120.95
2017-03-10,1.0606,122.42
2017-03-13,1.0663,122.35
2017-03-14,1.0631,122.13
2017-03-15,1.0622,121.77
2017-03-16,1.0726,121.55
2017-03-17,1.0737,121.49
2017-03-20,1.0752,121.19
2017-03-21,1.0802,121.58
2017-03-22,1.0807,120.07
2017-03-23,1.0786,119.36
2017-03-24,1.0805,120.09
2017-03-27,1.0889,119.93
2017-03-28,1.0859,119.84
2017-03-29,1.0748,119.17
2017-03-30,1.0737,119.39
2017-03-31,1.0691,119.55
2017-04-03,1.0661,118.64
2017-04-04,1.0651,117.55
2017-04-05,1.0678,118.49
2017-04-06,1.0666,118.23
2017-04-07,1.063,117.64
2017-04-10,1.0578,117.72
2017-04-11,1.0616,117.36
2017-04-12,1.0605,116.22
2017-04-13,1.063,116.01
2017-04-18,1.0682,116.26
2017-04-19,1.0725,116.91
2017-04-20,1.0745,117.16
2017-04-21,1.0698,116.72
2017-04-24,1.0848,119.67
2017-04-25,1.0891,120.34
2017-04-26,1.0893,121.35
2017-04-27,1.0881,121.27
2017-04-28,1.093,121.76
2017-05-02,1.0915,122.55
2017-05-03,1.0919,122.47
2017-05-04,1.0927,123.31
2017-05-05,1.0961,123.29
2017-05-08,1.0938,123.1
2017-05-09,1.0888,124.04
2017-05-10,1.0882,123.84
2017-05-11,1.086,123.69
2017-05-12,1.0876,123.82
2017-05-15,1.0972,124.45
2017-05-16,1.1059,125.67
2017-05-17,1.1117,124.82
2017-05-18,1.1129,123.05
2017-05-19,1.1179,124.35
2017-05-22,1.1243,125.18
2017-05-23,1.1215,124.62
2017-05-24,1.1193,125.15
2017-05-25,1.1214,125.33
2017-05-26,1.1196,124.38
2017-05-29,1.1188,124.57
2017-05-30,1.1173,123.97
2017-05-31,1.1221,124.4
2017-06-01,1.1219,124.53
2017-06-02,1.1217,125.02
2017-06-05,1.1249,124.3
2017-06-06,1.1258,123.12
2017-06-07,1.1217,122.78
2017-06-08,1.1229,123.77
2017-06-09,1.1176,123.44
2017-06-12,1.1221,123.3
2017-06-13,1.1217,123.43
2017-06-14,1.1203,123.58
2017-06-15,1.1166,122.95
2017-06-16,1.1167,124.33
2017-06-19,1.1199,124.26
2017-06-20,1.1156,124.25
2017-06-21,1.1147,124.21
2017-06-22,1.1169,124.27
2017-06-23,1.1173,124.36
2017-06-26,1.1187,124.93
2017-06-27,1.1278,126.16
2017-06-28,1.1375,127.53
2017-06-29,1.1413,128.59
2017-06-30,1.1412,127.75
2017-07-03,1.1369,128.46
2017-07-04,1.1353,128.57
2017-07-05,1.1329,128.64
2017-07-06,1.1385,129.01
2017-07-07,1.1412,129.8
2017-07-10,1.1387,129.98
2017-07-11,1.1405,130.36
2017-07-12,1.1449,130.02
2017-07-13,1.1417,129.17
2017-07-14,1.1415,129.1
2017-07-17,1.1462,128.86
2017-07-18,1.1555,129.46
2017-07-19,1.1533,129.03
2017-07-20,1.1485,128.92
2017-07-21,1.1642,129.72
2017-07-24,1.1648,129.09
2017-07-25,1.1694,130.28
2017-07-26,1.1644,130.26
2017-07-27,1.1694,130.32
2017-07-28,1.1729,130.37
2017-07-31,1.1727,129.7
2017-08-01,1.1812,130.53
2017-08-02,1.1829,130.98
2017-08-03,1.186,130.91
2017-08-04,1.1868,130.67
2017-08-07,1.1797,130.78
2017-08-08,1.1814,130.31
2017-08-09,1.1731,128.74
2017-08-10,1.1732,128.76
2017-08-11,1.1765,128.41
2017-08-14,1.1797,129.28
2017-08-15,1.1744,129.67
2017-08-16,1.171,129.79
2017-08-17,1.1697,128.81
2017-08-18,1.174,128.02
2017-08-21,1.1761,128.17
2017-08-22,1.1771,128.73
2017-08-23,1.1799,128.71
2017-08-24,1.1806,129.06
2017-08-25,1.1808,129.59
2017-08-28,1.1925,130.34
2017-08-29,1.2048,130.86
2017-08-30,1.1916,131.25
2017-08-31,1.1825,130.81
2017-09-01,1.192,131.29
2017-09-04,1.1905,130.6
2017-09-05,1.189,129.99
2017-09-06,1.1931,129.92
2017-09-07,1.1971,130.34
2017-09-08,1.206,129.5
2017-09-11,1.1997,130.38
2017-09-12,1.1933,130.93
2017-09-13,1.1979,131.79
2017-09-14,1.1885,131.55
2017-09-15,1.1963,132.92
2017-09-18,1.1948,133.09
2017-09-19,1.1972,133.44
2017-09-20,1.2007,133.63
2017-09-21,1.1905,133.86
2017-09-22,1.1961,134.01
2017-09-25,1.1867,133.19
2017-09-26,1.1787,131.99
2017-09-27,1.1741,132.6
2017-09-28,1.1778,132.56
2017-09-29,1.1806,132.82
2017-10-02,1.1744,132.5
2017-10-03,1.1753,132.77
2017-10-04,1.1787,132.47
2017-10-05,1.1742,132.05
2017-10-06,1.1707,132.23
2017-10-09,1.1746,132.36
2017-10-10,1.1797,132.55
2017-10-11,1.183,132.72
2017-10-12,1.1856,133.12
2017-10-13,1.181,132.49
2017-10-16,1.1803,131.99
2017-10-17,1.1759,131.94
2017-10-18,1.1749,132.62
2017-10-19,1.1834,133.18
2017-10-20,1.1818,133.75
2017-10-23,1.174,133.59
2017-10-24,1.1761,133.95
2017-10-25,1.1785,134.41
2017-10-26,1.1753,133.75
2017-10-27,1.1605,132.52
2017-10-30,1.1612,131.83
2017-10-31,1.1638,132
2017-11-01,1.1612,132.6
2017-11-02,1.1645,132.9
2017-11-03,1.1657,132.82
2017-11-06,1.159,132.29
2017-11-07,1.1562,132.03
2017-11-08,1.159,131.54
2017-11-09,1.163,131.75
2017-11-10,1.1654,132.08
2017-11-13,1.1656,132.07
2017-11-14,1.1745,133.29
2017-11-15,1.184,133.45
2017-11-16,1.1771,133.12
2017-11-17,1.1795,132.82
2017-11-20,1.1781,132.1
2017-11-21,1.1718,131.87
2017-11-22,1.1749,131.61
2017-11-23,1.1848,131.79
2017-11-24,1.1877,132.24
2017-11-27,1.1952,132.69
2017-11-28,1.1888,132.24
2017-11-29,1.1827,132.24
2017-11-30,1.1849,133.08
2017-12-01,1.1885,133.7
2017-12-04,1.1865,133.91
2017-12-05,1.1847,133.37
2017-12-06,1.1817,132.52
2017-12-07,1.1786,132.88
2017-12-08,1.1742,133.26
2017-12-11,1.1796,133.66
2017-12-12,1.1766,133.54
2017-12-13,1.1736,132.99
2017-12-14,1.1845,133.39
2017-12-15,1.1806,132.45
2017-12-18,1.1795,132.66
2017-12-19,1.1823,133.23
2017-12-20,1.1845,134.16
2017-12-21,1.1859,134.59
2017-12-22,1.1853,134.37
2017-12-27,1.1895,134.7
2017-12-28,1.1934,134.74
2017-12-29,1.1993,135.01
2018-01-02,1.2065,135.35
2018-01-03,1.2023,134.97
2018-01-04,1.2065,135.92
2018-01-05,1.2045,136.45
2018-01-08,1.1973,135.34
2018-01-09,1.1932,134.31
2018-01-10,1.1992,133.62
2018-01-11,1.2017,134.19
2018-01-12,1.2137,134.88
2018-01-15,1.2277,135.81
2018-01-16,1.223,135.4
2018-01-17,1.2203,135.21
2018-01-18,1.2235,136.07
2018-01-19,1.2255,135.54
2018-01-22,1.2239,135.66
2018-01-23,1.2249,135.35
2018-01-24,1.2352,135.13
2018-01-25,1.2407,135.12
2018-01-26,1.2436,135.95
2018-01-29,1.2379,134.75
2018-01-30,1.2421,134.98
2018-01-31,1.2457,135.6
2018-02-01,1.2459,136.62
2018-02-02,1.2492,137.22
2018-02-05,1.244,136.67
2018-02-06,1.2329,134.97
2018-02-07,1.2338,134.84
2018-02-08,1.2252,134.31
2018-02-09,1.2273,133.59
2018-02-12,1.2263,133.23
2018-02-13,1.2333,132.82
2018-02-14,1.2348,132.4
2018-02-15,1.2493,133.11
2018-02-16,1.2464,132.34
2018-02-19,1.241,132.24
2018-02-20,1.234,132.25
2018-02-21,1.2312,132.41
2018-02-22,1.2276,131.47
2018-02-23,1.2299,131.28
2018-02-26,1.232,131.6
2018-02-27,1.2301,131.77
2018-02-28,1.2214,130.72
2018-03-01,1.2171,129.98
2018-03-02,1.2312,129.77
2018-03-05,1.2307,130.02
2018-03-06,1.2411,131.84
2018-03-07,1.2417,131.41
2018-03-08,1.2421,131.83
2018-03-09,1.2291,131.31
2018-03-12,1.2302,131.04
2018-03-13,1.2378,132.31
2018-03-14,1.2369,131.77
2018-03-15,1.2341,130.9
2018-03-16,1.2301,130.21
2018-03-19,1.2309,130.65
2018-03-20,1.2276,130.72
2018-03-21,1.2286,130.5
2018-03-22,1.2316,129.75
2018-03-23,1.2346,129.74
2018-03-26,1.2411,130.47
2018-03-27,1.2376,131.04
2018-03-28,1.2398,131.6
2018-03-29,1.2321,131.15
2018-04-03,1.2308,130.76
2018-04-04,1.2276,130.43
2018-04-05,1.226,131.26
2018-04-06,1.2234,131.32
2018-04-09,1.2304,131.66
2018-04-10,1.2361,132.28
2018-04-11,1.2384,132.26
2018-04-12,1.2323,132.04
2018-04-13,1.2317,132.64
2018-04-16,1.237,132.77
2018-04-17,1.2357,132.35
2018-04-18,1.2388,132.82
2018-04-19,1.2382,132.88
2018-04-20,1.2309,132.41
2018-04-23,1.2238,132.38
2018-04-24,1.2213,132.92
2018-04-25,1.2185,133.03
2018-04-26,1.2168,132.87
2018-04-27,1.207,131.95
2018-04-30,1.2079,132.12
2018-05-02,1.2007,131.84
2018-05-03,1.1992,131.03
2018-05-04,1.1969,130.37
2018-05-07,1.1902,130.15
2018-05-08,1.187,129.45
2018-05-09,1.1879,130.24
2018-05-10,1.1878,130.22
2018-05-11,1.1934,130.44
2018-05-14,1.1988,131.27
2018-05-15,1.1883,130.77
2018-05-16,1.1784,129.83
2018-05-17,1.1805,130.66
2018-05-18,1.1781,130.69
2018-05-21,1.1759,130.84
2018-05-22,1.1794,130.7
2018-05-23,1.1708,128.61
2018-05-24,1.1728,128.46
2018-05-25,1.1675,127.72
2018-05-28,1.1644,127.33
2018-05-29,1.1558,125.88
2018-05-30,1.1632,126.76
2018-05-31,1.1699,127.33
2018-06-01,1.1669,127.74
2018-06-04,1.1737,128.44
2018-06-05,1.1675,128.08
2018-06-06,1.1765,129.57
2018-06-07,1.1836,130.26
2018-06-08,1.1754,128.64
2018-06-11,1.179,129.62
2018-06-12,1.1788,130.03
2018-06-13,1.1764,130.03
2018-06-14,1.173,129.15
2018-06-15,1.1596,128.31
2018-06-18,1.1613,128.27
2018-06-19,1.1534,126.78
2018-06-20,1.1578,127.39
2018-06-21,1.1538,127.59
2018-06-22,1.1648,128.3
2018-06-25,1.17,128.21
2018-06-26,1.1672,127.95
2018-06-27,1.1616,128.08
2018-06-28,1.1583,127.63
2018-06-29,1.1658,129.04
2018-07-02,1.1639,128.86
2018-07-03,1.1665,129.09
2018-07-04,1.1642,128.64
2018-07-05,1.1709,129.53
2018-07-06,1.1724,129.65
2018-07-09,1.1789,130.21
2018-07-10,1.1713,130.3
2018-07-11,1.1735,130.53
2018-07-12,1.1658,131.13
2018-07-13,1.1643,131.04
2018-07-16,1.172,131.65
2018-07-17,1.1707,131.81
2018-07-18,1.1611,130.92
2018-07-19,1.1588,130.98
2018-07-20,1.167,130.94
2018-07-23,1.1716,130.18
2018-07-24,1.1706,130.06
2018-07-25,1.169,129.8
2018-07-26,1.1716,129.91
2018-07-27,1.1625,129.25
2018-07-30,1.1684,129.79
2018-07-31,1.1736,130.84
2018-08-01,1.1696,130.81
2018-08-02,1.1617,129.43
2018-08-03,1.1588,129.3
2018-08-06,1.1543,128.68
2018-08-07,1.1602,128.88
2018-08-08,1.1589,128.72
2018-08-09,1.1593,128.84
2018-08-10,1.1456,127.07
2018-08-13,1.1403,126.11
2018-08-14,1.1406,126.42
2018-08-15,1.1321,125.67
2018-08-16,1.137,126.02
2018-08-17,1.1391,125.75
2018-08-20,1.142,126.25
2018-08-21,1.1502,127.01
2018-08-22,1.1616,128.08
2018-08-23,1.1579,128.31
2018-08-24,1.1588,128.97
2018-08-27,1.1633,129.16
2018-08-28,1.171,130.03
2018-08-29,1.166,129.73
2018-08-30,1.1692,130.32
2018-08-31,1.1651,129.05
2018-09-03,1.1609,129.03
2018-09-04,1.1562,128.6
2018-09-05,1.1582,129.17
2018-09-06,1.1634,129.55
2018-09-07,1.1615,128.74
2018-09-10,1.1571,128.54
2018-09-11,1.1574,128.82
2018-09-12,1.1585,129.13
2018-09-13,1.162,129.68
2018-09-14,1.1689,130.75
2018-09-17,1.1671,130.79
2018-09-18,1.1697,131.21
2018-09-19,1.1667,130.94
2018-09-20,1.1769,131.98
2018-09-21,1.1759,132.44
2018-09-24,1.1773,132.56
2018-09-25,1.1777,132.78
2018-09-26,1.1737,132.61
2018-09-27,1.1707,132.15
2018-09-28,1.1576,131.23
2018-10-01,1.1606,132.25
2018-10-02,1.1543,131.46
2018-10-03,1.1548,131.47
2018-10-04,1.1502,131.31
2018-10-05,1.1506,131.03
2018-10-08,1.1478,130.11
2018-10-09,1.1435,129.45
2018-10-10,1.15,130.23
2018-10-11,1.1575,130
2018-10-12,1.1574,129.99
2018-10-15,1.1581,129.53
2018-10-16,1.1587,129.92
2018-10-17,1.153,129.43
2018-10-18,1.1505,129.44
2018-10-19,1.147,129.05
2018-10-22,1.1494,129.63
2018-10-23,1.1478,128.76
2018-10-24,1.1389,128.37
2018-10-25,1.1416,128.27
2018-10-26,1.1345,127.13
2018-10-29,1.1381,127.92
2018-10-30,1.1372,128.28
2018-10-31,1.1318,128.15
2018-11-01,1.1393,128.52
2018-11-02,1.1417,128.89
2018-11-05,1.137,128.81
2018-11-06,1.1428,129.31
2018-11-07,1.1487,130.02
2018-11-08,1.1424,129.9
2018-11-09,1.1346,129.26
2018-11-12,1.1265,128.2
2018-11-13,1.1261,128.32
2018-11-14,1.1296,128.64
2018-11-15,1.1305,128.16
2018-11-16,1.1346,128.37
2018-11-19,1.1427,128.89
2018-11-20,1.1421,128.34
2018-11-21,1.1409,129.04
2018-11-22,1.1403,128.8
2018-11-23,1.1352,128.07
2018-11-26,1.1363,128.7
2018-11-27,1.1328,128.66
2018-11-28,1.1284,128.47
2018-11-29,1.1387,128.99
2018-11-30,1.1359,128.99
2018-12-03,1.1332,128.7
2018-12-04,1.1409,128.68
2018-12-05,1.1354,128.31
2018-12-06,1.1351,128.04
2018-12-07,1.1371,128.36
2018-12-10,1.1425,128.79
2018-12-11,1.1379,128.75
2018-12-12,1.1346,128.67
2018-12-13,1.1371,129.06
2018-12-14,1.1285,128.13
2018-12-17,1.1341,128.44
2018-12-18,1.1377,127.86
2018-12-19,1.1405,128.11
2018-12-20,1.1451,127.94
2018-12-21,1.1414,126.98
2018-12-24,1.1408,126.47
2018-12-27,1.1377,126.14
2018-12-28,1.1454,126.4
2018-12-31,1.145,125.85
2019-01-02,1.1397,124.28
2019-01-03,1.1348,122.21
2019-01-04,1.1403,123.2
2019-01-07,1.1445,123.9
2019-01-08,1.144,124.46
2019-01-09,1.1455,124.7
2019-01-10,1.1535,124.7
2019-01-11,1.1533,124.91
2019-01-14,1.1467,123.93
2019-01-15,1.1424,124.02
2019-01-16,1.1389,123.91
2019-01-17,1.1396,123.95
2019-01-18,1.1402,124.78
2019-01-21,1.1362,124.6
2019-01-22,1.1354,124.25
2019-01-23,1.1367,124.7
2019-01-24,1.1341,124.43
2019-01-25,1.1346,124.72
2019-01-28,1.1418,124.94
2019-01-29,1.1422,125.03
2019-01-30,1.1429,125.08
2019-01-31,1.1488,124.81
2019-02-01,1.1471,124.91
2019-02-04,1.1445,125.77
2019-02-05,1.1423,125.59
2019-02-06,1.1394,125.05
2019-02-07,1.1345,124.41
2019-02-08,1.1346,124.57
2019-02-11,1.1309,124.63
2019-02-12,1.1296,124.7
2019-02-13,1.1305,125.19
2019-02-14,1.1268,125.12
2019-02-15,1.126,124.45
2019-02-18,1.1328,125.23
2019-02-19,1.1294,125.09
2019-02-20,1.1342,125.61
2019-02-21,1.1354,125.7
2019-02-22,1.1325,125.56
2019-02-25,1.1355,125.75
2019-02-26,1.1361,125.93
2019-02-27,1.1386,125.9
2019-02-28,1.1416,126.44
2019-03-01,1.1383,127.35
2019-03-04,1.1337,126.91
2019-03-05,1.1329,126.8
2019-03-06,1.1305,126.4
2019-03-07,1.1271,125.97
2019-03-08,1.1222,124.72
2019-03-11,1.1244,124.91
2019-03-12,1.1275,125.27
2019-03-13,1.1303,125.89
2019-03-14,1.1295,126.09
2019-03-15,1.1308,126.16
2019-03-18,1.1349,126.54
2019-03-19,1.1358,126.59
2019-03-20,1.1354,126.63
2019-03-21,1.1387,125.92
2019-03-22,1.1302,124.6
2019-03-25,1.1325,124.65
2019-03-26,1.1291,124.72
2019-03-27,1.1261,124.42
2019-03-28,1.1218,124.16
2019-03-29,1.1235,124.45
2019-04-01,1.1236,124.68
2019-04-02,1.12,124.73
2019-04-03,1.1243,125.3
2019-04-04,1.1219,125.01
2019-04-05,1.1233,125.44
2019-04-08,1.1246,125.36
2019-04-09,1.1277,125.51
2019-04-10,1.1279,125.38
2019-04-11,1.1264,125.3
2019-04-12,1.1321,126.76
2019-04-15,1.1313,126.66
2019-04-16,1.1305,126.59
2019-04-17,1.1301,126.51
2019-04-18,1.125,125.86
2019-04-23,1.1245,125.82
2019-04-24,1.1209,125.34
2019-04-25,1.1123,124.45
2019-04-26,1.1133,124.45
2019-04-29,1.115,124.64
2019-04-30,1.1218,124.93
2019-05-02,1.1212,125.01
2019-05-03,1.1155,124.4
2019-05-06,1.1199,124.13
2019-05-07,1.1185,123.73
2019-05-08,1.1202,123.31
2019-05-09,1.1193,122.91
2019-05-10,1.123,123.25
2019-05-13,1.1245,123.06
2019-05-14,1.1226,123
2019-05-15,1.1183,122.24
2019-05-16,1.1203,122.81
2019-05-17,1.1172,122.34
2019-05-20,1.1167,122.67
2019-05-21,1.1161,123.27
2019-05-22,1.1171,123.27
2019-05-23,1.1139,122.56
2019-05-24,1.1187,122.61
2019-05-27,1.1198,122.56
2019-05-28,1.1192,122.45
2019-05-29,1.1156,121.91
2019-05-30,1.1134,122.1
2019-05-31,1.1151,121.27
2019-06-03,1.1185,121.17
2019-06-04,1.1244,121.62
2019-06-05,1.1257,121.96
2019-06-06,1.1266,121.82
2019-06-07,1.1273,122.27
2019-06-10,1.1301,122.78
2019-06-11,1.132,123.09
2019-06-12,1.1323,122.72
2019-06-13,1.1289,122.44
2019-06-14,1.1265,121.9
2019-06-17,1.1234,122.06
2019-06-18,1.1187,121.08
2019-06-19,1.1207,121.49
2019-06-20,1.1307,121.71
2019-06-21,1.1316,121.64
2019-06-24,1.1394,122.25
2019-06-25,1.1388,121.97
2019-06-26,1.1362,122.4
2019-06-27,1.137,122.64
2019-06-28,1.138,122.6
2019-07-01,1.1349,122.93
2019-07-02,1.1301,122.36
2019-07-03,1.1293,121.61
2019-07-04,1.1288,121.65
2019-07-05,1.126,121.77
2019-07-08,1.1215,121.8
2019-07-09,1.1205,121.93
2019-07-10,1.122,122.2
2019-07-11,1.1285,121.94
2019-07-12,1.1253,121.83
2019-07-15,1.1269,121.62
2019-07-16,1.1223,121.13
2019-07-17,1.1215,121.42
2019-07-18,1.1216,120.89
2019-07-19,1.1226,120.93
2019-07-22,1.1215,121.03
2019-07-23,1.1173,120.82
2019-07-24,1.114,120.41
2019-07-25,1.1115,120.15
2019-07-26,1.1138,121.06
2019-07-29,1.1119,120.81
2019-07-30,1.1154,121
2019-07-31,1.1151,121.04
2019-08-01,1.1037,120.18
2019-08-02,1.1106,118.57
2019-08-05,1.1182,118.61
2019-08-06,1.1187,119.1
2019-08-07,1.1202,118.48
2019-08-08,1.1193,118.64
2019-08-09,1.1198,118.51
2019-08-12,1.1194,117.69
2019-08-13,1.1222,118.01
2019-08-14,1.1188,118.48
2019-08-15,1.115,118.37
2019-08-16,1.1076,117.77
2019-08-19,1.1103,118.34
2019-08-20,1.1076,117.79
2019-08-21,1.1104,118.24
2019-08-22,1.1083,118.13
2019-08-23,1.1065,117.79
2019-08-26,1.1116,117.67
2019-08-27,1.1104,117.43
2019-08-28,1.1083,117.18
2019-08-29,1.1072,117.68
2019-08-30,1.1036,117.28
2019-09-02,1.0968,116.66
2019-09-03,1.0937,116.05
2019-09-04,1.1018,117.03
2019-09-05,1.1058,117.97
2019-09-06,1.1027,118.01
2019-09-09,1.1033,118.01
2019-09-10,1.104,118.52
2019-09-11,1.1003,118.51
2019-09-12,1.0963,118.14
2019-09-13,1.1096,119.83
2019-09-16,1.1031,118.96
2019-09-17,1.1026,119.23
2019-09-18,1.1053,119.54
2019-09-19,1.1067,119.46
2019-09-20,1.103,119.11
2019-09-23,1.0985,118.07
2019-09-24,1.1003,118.45
2019-09-25,1.0982,118
2019-09-26,1.0938,117.73
2019-09-27,1.0935,118.21
2019-09-30,1.0889,117.59
2019-10-01,1.0898,118
2019-10-02,1.0925,117.47
2019-10-03,1.0951,117.17
2019-10-04,1.0979,117.23
2019-10-07,1.0993,117.44
2019-10-08,1.0986,117.43
2019-10-09,1.0981,117.91
2019-10-10,1.103,118.52
2019-10-11,1.1043,119.75
2019-10-14,1.1031,119.4
2019-10-15,1.1007,119.23
2019-10-16,1.1025,119.9
2019-10-17,1.1113,120.81
2019-10-18,1.1144,120.97
2019-10-21,1.1173,121.29
2019-10-22,1.113,120.87
2019-10-23,1.1123,120.63
2019-10-24,1.1128,120.86
2019-10-25,1.1107,120.59
2019-10-28,1.1087,120.69
2019-10-29,1.1095,120.88
2019-10-30,1.1106,120.99
2019-10-31,1.1154,120.73
2019-11-01,1.1139,120.43
2019-11-04,1.1158,120.93
2019-11-05,1.1109,120.93
2019-11-06,1.109,120.88
2019-11-07,1.1077,120.9
2019-11-08,1.1034,120.72
2019-11-11,1.1041,120.29
2019-11-12,1.1015,120.24
2019-11-13,1.1006,119.79
2019-11-14,1.0997,119.49
2019-11-15,1.1034,119.95
2019-11-18,1.1061,120.55
2019-11-19,1.1077,120.46
2019-11-20,1.1059,119.96
2019-11-21,1.1091,120.46
2019-11-22,1.1058,120.03
2019-11-25,1.1008,119.88
2019-11-26,1.102,120.09
2019-11-27,1.1009,120.18
2019-11-28,1.1005,120.5
2019-11-29,1.0982,120.43
2019-12-02,1.1023,120.75
2019-12-03,1.1071,120.39
2019-12-04,1.1081,120.45
2019-12-05,1.1094,120.69
2019-12-06,1.1094,120.44
2019-12-09,1.1075,120.15
2019-12-10,1.1077,120.27
2019-12-11,1.1075,120.44
2019-12-12,1.1137,120.95
2019-12-13,1.1174,122.43
2019-12-16,1.1146,121.97
2019-12-17,1.1162,122.31
2019-12-18,1.1115,121.81
2019-12-19,1.1117,121.73
2019-12-20,1.1097,121.31
2019-12-23,1.1075,121.18
2019-12-24,1.108,121.19
2019-12-27,1.1153,122.23
2019-12-30,1.1189,122.19
2019-12-31,1.1234,121.94
2020-01-02,1.1193,121.75
2020-01-03,1.1147,120.54
2020-01-06,1.1194,121.02
2020-01-07,1.1172,121.15
2020-01-08,1.1115,120.86
2020-01-09,1.111,121.54
2020-01-10,1.1091,121.6
2020-01-13,1.1126,122.25
2020-01-14,1.1115,122.32
2020-01-15,1.1142,122.43
2020-01-16,1.1169,122.8
2020-01-17,1.1108,122.31
2020-01-20,1.1085,122.14
2020-01-21,1.1115,122.31
2020-01-22,1.1088,121.93
2020-01-23,1.1091,121.5
2020-01-24,1.1035,120.96
2020-01-27,1.1025,120.11
2020-01-28,1.1005,120.02
2020-01-29,1.1001,120.06
2020-01-30,1.1029,120.03
2020-01-31,1.1052,120.35
2020-02-03,1.1066,120.1
2020-02-04,1.1048,120.52
2020-02-05,1.1023,120.94
2020-02-06,1.1003,120.87
2020-02-07,1.0969,120.51
2020-02-10,1.0951,120.18
2020-02-11,1.0901,119.73
2020-02-12,1.0914,120.03
2020-02-13,1.0867,119.21
2020-02-14,1.0842,119.11
2020-02-17,1.0835,119.05
2020-02-18,1.0816,118.7
2020-02-19,1.08,119.35
2020-02-20,1.079,120.86
2020-02-21,1.0801,120.96
2020-02-24,1.0818,120.52
2020-02-25,1.084,119.92
2020-02-26,1.0875,120.13
2020-02-27,1.0964,120.46
2020-02-28,1.0977,119.36
2020-03-02,1.1122,119.82
2020-03-03,1.1117,119.77
2020-03-04,1.1125,119.58
2020-03-05,1.1187,119.63
2020-03-06,1.1336,119.08
2020-03-09,1.1456,117.12
2020-03-10,1.139,118.65
2020-03-11,1.1336,118.55
2020-03-12,1.124,116.84
2020-03-13,1.1104,119.11
2020-03-16,1.1157,117.76
2020-03-17,1.0982,117.5
2020-03-18,1.0934,117.78
2020-03-19,1.0801,118.63
2020-03-20,1.0707,118.37
2020-03-23,1.0783,119.11
2020-03-24,1.0843,119.99
2020-03-25,1.0827,120.67
2020-03-26,1.0981,120.18
2020-03-27,1.0977,119.36
2020-03-30,1.1034,119.34
2020-03-31,1.0956,118.9
2020-04-01,1.0936,117.55
2020-04-02,1.0906,117.06
2020-04-03,1.0785,117.1
2020-04-06,1.0791,117.54
2020-04-07,1.0885,118.55
2020-04-08,1.0871,118.36
2020-04-09,1.0867,118.33
2020-04-14,1.0963,117.66
2020-04-15,1.0903,117.12
2020-04-16,1.0888,117.12
2020-04-17,1.086,116.86
2020-04-20,1.086,117.11
2020-04-21,1.0837,116.39
2020-04-22,1.0867,117.01
2020-04-23,1.0772,115.75
2020-04-24,1.08,116.22
2020-04-27,1.0852,116.22
2020-04-28,1.0877,116.06
2020-04-29,1.0842,115.52
2020-04-30,1.0876,115.87
2020-05-04,1.0942,116.84
2020-05-05,1.0843,115.71
2020-05-06,1.0807,114.65
2020-05-07,1.0783,114.91
2020-05-08,1.0843,115.34
2020-05-11,1.0824,116.16
2020-05-12,1.0858,116.56
2020-05-13,1.0875,116.28
2020-05-14,1.0792,115.48
2020-05-15,1.0798,115.53
2020-05-18,1.0832,116.31
2020-05-19,1.095,118
2020-05-20,1.0958,117.95
2020-05-21,1.1,118.42
2020-05-22,1.0904,117.26
2020-05-25,1.091,117.47
2020-05-26,1.0975,117.92
2020-05-27,1.0991,118.58
2020-05-28,1.1016,118.68
2020-05-29,1.1136,119.29
2020-06-01,1.1116,119.75
2020-06-02,1.1174,120.83
2020-06-03,1.1194,121.54
2020-06-04,1.125,122.48
2020-06-05,1.133,123.77
2020-06-08,1.1285,123.41
2020-06-09,1.1294,122.14
2020-06-10,1.1375,122.16
2020-06-11,1.1348,121.52
2020-06-12,1.1304,121.26
2020-06-15,1.1253,120.83
2020-06-16,1.1308,121.39
2020-06-17,1.1232,120.65
2020-06-18,1.1222,120
2020-06-19,1.121,119.77
2020-06-22,1.1213,119.89
2020-06-23,1.1318,121.05
2020-06-24,1.128,120.3
2020-06-25,1.12,120.25
2020-06-26,1.1213,119.93
2020-06-29,1.1284,121.07
2020-06-30,1.1198,120.66
2020-07-01,1.12,120.31
2020-07-02,1.1286,121.24
2020-07-03,1.1224,120.68
2020-07-06,1.1325,121.78
2020-07-07,1.129,121.61
2020-07-08,1.1286,121.39
2020-07-09,1.1342,121.67
2020-07-10,1.1276,120.48
2020-07-13,1.1329,121.4
2020-07-14,1.1375,122.17
2020-07-15,1.1444,122.25
2020-07-16,1.1414,122.24
2020-07-17,1.1428,122.53
2020-07-20,1.1448,122.63
2020-07-21,1.1443,122.7
2020-07-22,1.1578,123.94
2020-07-23,1.1569,123.98
2020-07-24,1.1608,123.36
2020-07-27,1.176,123.88
2020-07-28,1.1717,123.34
2020-07-29,1.1725,123.28
2020-07-30,1.1743,123.58
2020-07-31,1.1848,124.31
2020-08-03,1.1726,124.51
2020-08-04,1.1765,124.78
2020-08-05,1.1854,125.37
2020-08-06,1.1843,124.96
2020-08-07,1.1817,124.91
2020-08-10,1.1763,124.74
2020-08-11,1.1783,124.97
2020-08-12,1.1771,125.92
2020-08-13,1.1833,126.58
2020-08-14,1.1813,126.01
2020-08-17,1.1853,125.99
2020-08-18,1.1906,125.54
2020-08-19,1.1933,125.74
2020-08-20,1.185,125.46
2020-08-21,1.1769,124.53
2020-08-24,1.1847,125.26
2020-08-25,1.1814,125.67
2020-08-26,1.1789,125.34
2020-08-27,1.1806,125.34
2020-08-28,1.1915,125.39
2020-08-31,1.194,126.47
2020-09-01,1.1987,126.92
2020-09-02,1.1861,126
2020-09-03,1.1813,125.85
2020-09-04,1.1842,125.79
2020-09-07,1.1824,125.59
2020-09-08,1.1785,125.2
2020-09-09,1.1773,125.05
2020-09-10,1.1849,125.76
2020-09-11,1.1854,125.82
2020-09-14,1.1876,125.82
2020-09-15,1.1892,125.39
2020-09-16,1.1869,124.72
2020-09-17,1.1797,123.38
2020-09-18,1.1833,123.49
2020-09-21,1.1787,122.7
2020-09-22,1.174,122.78
2020-09-23,1.1692,122.91
2020-09-24,1.1645,122.73
2020-09-25,1.1634,122.74
2020-09-28,1.167,123.02
2020-09-29,1.1702,123.61
2020-09-30,1.1708,123.76
2020-10-01,1.1752,123.98
2020-10-02,1.173,123.4
2020-10-05,1.1768,124.25
2020-10-06,1.1795,124.58
2020-10-07,1.177,124.73
2020-10-08,1.1765,124.69
2020-10-09,1.1795,124.95
2020-10-12,1.1799,124.41
2020-10-13,1.1787,124.38
2020-10-14,1.175,123.7
2020-10-15,1.1698,123.15
2020-10-16,1.1741,123.59
2020-10-19,1.1785,124.11
2020-10-20,1.181,124.79
2020-10-21,1.1852,124.27
2020-10-22,1.1821,123.72
2020-10-23,1.1856,124.17
2020-10-26,1.1819,124.14
2020-10-27,1.1832,123.74
2020-10-28,1.1727,122.36
2020-10-29,1.1704,122.09
2020-10-30,1.1698,122.36
2020-11-02,1.1652,121.93
2020-11-03,1.1702,122.56
2020-11-04,1.1721,122.31
2020-11-05,1.1855,122.86
2020-11-06,1.187,122.66
2020-11-09,1.1883,124.67
2020-11-10,1.1808,124.36
2020-11-11,1.1766,124.07
2020-11-12,1.1791,124.25
2020-11-13,1.1815,123.88
2020-11-16,1.183,124.15
2020-11-17,1.1882,123.78
2020-11-18,1.1868,123.28
2020-11-19,1.1832,123.08
2020-11-20,1.1863,123.18
2020-11-23,1.1901,123.47
2020-11-24,1.1865,124.06
2020-11-25,1.189,124.19
2020-11-26,1.19,124.04
2020-11-27,1.1922,124.23
2020-11-30,1.198,124.79
2020-12-01,1.1968,124.92
2020-12-02,1.2066,126.13
2020-12-03,1.2151,126.49
2020-12-04,1.2159,126.44
2020-12-07,1.2128,126.3
2020-12-08,1.2114,126.18
2020-12-09,1.2109,126.05
2020-12-10,1.2115,126.53
2020-12-11,1.2127,126.28
2020-12-14,1.2162,126.11
2020-12-15,1.214,126.08
2020-12-16,1.2189,125.97
2020-12-17,1.2246,126.19
2020-12-18,1.2259,126.69
2020-12-21,1.2173,126.04
2020-12-22,1.2239,126.52
2020-12-23,1.2166,125.99
2020-12-24,1.2193,126.38
2020-12-28,1.2219,126.54
2020-12-29,1.2259,127.23
2020-12-30,1.2281,126.57
2020-12-31,1.2271,126.49
2021-01-04,1.2296,126.62
2021-01-05,1.2271,126.25
2021-01-06,1.2338,127.03
2021-01-07,1.2276,127.13
2021-01-08,1.225,127.26
2021-01-11,1.2163,126.76
2021-01-12,1.2161,126.74
2021-01-13,1.2166,126.44
2021-01-14,1.2124,126.21
2021-01-15,1.2123,125.74
2021-01-18,1.2064,125.18
2021-01-19,1.2132,126.16
2021-01-20,1.2101,125.62
2021-01-21,1.2158,125.72
2021-01-22,1.2158,126.19
2021-01-25,1.2152,126.06
2021-01-26,1.2143,125.93
2021-01-27,1.2114,125.87
2021-01-28,1.2091,126.2
2021-01-29,1.2136,127.05
2021-02-01,1.2084,126.77
2021-02-02,1.2044,126.46
2021-02-03,1.2017,126.25
2021-02-04,1.1996,126.24
2021-02-05,1.1983,126.72
2021-02-08,1.2025,126.97
2021-02-09,1.2104,126.58
2021-02-10,1.2127,127.04
2021-02-11,1.2147,127.12
2021-02-12,1.2108,127.15
2021-02-15,1.2129,127.72
2021-02-16,1.2143,128.16
2021-02-17,1.206,127.94
2021-02-18,1.2084,127.69
2021-02-19,1.2139,127.81
2021-02-22,1.2133,128
2021-02-23,1.2143,127.98
2021-02-24,1.2146,128.69
2021-02-25,1.2225,129.73
2021-02-26,1.2121,128.83
2021-03-01,1.2053,128.63
2021-03-02,1.2028,128.58
2021-03-03,1.2048,128.81
2021-03-04,1.2034,129.23
2021-03-05,1.1938,129.3
2021-03-08,1.1866,128.9
2021-03-09,1.1894,129.5
2021-03-10,1.1892,129.12
2021-03-11,1.1969,129.82
2021-03-12,1.1933,130.14
2021-03-15,1.192,130.17
2021-03-16,1.1926,129.88
2021-03-17,1.1907,130.02
2021-03-18,1.1912,130.08
2021-03-19,1.1891,129.54
2021-03-22,1.1926,129.77
2021-03-23,1.1883,128.99
2021-03-24,1.1825,128.6
2021-03-25,1.1802,128.75
2021-03-26,1.1782,129.34
2021-03-29,1.1784,129.19
2021-03-30,1.1741,129.48
2021-03-31,1.1725,129.91
2021-04-01,1.1746,130.03
2021-04-06,1.1812,130.27
2021-04-07,1.1884,130.56
2021-04-08,1.1873,129.71
2021-04-09,1.1888,130.42
2021-04-12,1.1904,130.2
2021-04-13,1.1896,130.23
2021-04-14,1.1964,130.33
2021-04-15,1.197,130.14
2021-04-16,1.1986,130.37
2021-04-19,1.2035,130.09
2021-04-20,1.2051,130.64
2021-04-21,1.2007,129.8
2021-04-22,1.2046,130.3
2021-04-23,1.2066,129.98
2021-04-26,1.2085,130.54
2021-04-27,1.2088,130.88
2021-04-28,1.207,131.47
2021-04-29,1.2129,132.2
2021-04-30,1.2082,131.62
2021-05-03,1.2044,131.9
2021-05-04,1.2021,131.26
2021-05-05,1.2005,131.2
2021-05-06,1.206,131.69
2021-05-07,1.2059,131.76
2021-05-10,1.2169,132.31
2021-05-11,1.217,132.12
2021-05-12,1.2118,131.82
2021-05-13,1.2081,132.37
2021-05-14,1.2123,132.49
2021-05-17,1.2143,132.6
2021-05-18,1.2222,133.09
2021-05-19,1.2212,133.3
2021-05-20,1.2203,132.95
2021-05-21,1.2188,132.61
2021-05-24,1.2212,132.97
2021-05-25,1.2264,133.49
2021-05-26,1.2229,133.16
2021-05-27,1.2198,133.42
2021-05-28,1.2142,133.65
2021-05-31,1.2201,133.79
2021-06-01,1.2225,134.05
2021-06-02,1.2186,133.72
2021-06-03,1.2187,133.81
2021-06-04,1.2117,133.39
2021-06-07,1.2162,132.98
2021-06-08,1.2182,133.28
2021-06-09,1.2195,133.38
2021-06-10,1.2174,133.35
2021-06-11,1.2125,132.88
2021-06-14,1.2112,132.95
2021-06-15,1.2108,133.28
2021-06-16,1.2124,133.19
2021-06-17,1.1937,132.09
2021-06-18,1.1898,131.12
2021-06-21,1.1891,130.91
2021-06-22,1.1894,131.5
2021-06-23,1.1951,132.44
2021-06-24,1.1936,132.2
2021-06-25,1.195,132.27
2021-06-28,1.191,132.13
2021-06-29,1.1888,131.54
2021-06-30,1.1884,131.43
2021-07-01,1.1884,132.42
2021-07-02,1.1823,131.74
2021-07-05,1.1866,131.58
2021-07-06,1.1838,130.99
2021-07-07,1.1831,130.86
2021-07-08,1.1838,129.91
2021-07-09,1.1858,130.46
2021-07-12,1.1852,130.55
2021-07-13,1.1844,130.55
2021-07-14,1.1812,130.3
2021-07-15,1.1809,129.93
2021-07-16,1.1802,130.03
2021-07-19,1.1766,128.96
2021-07-20,1.1775,129.03
2021-07-21,1.1772,129.63
2021-07-22,1.1775,129.83
2021-07-23,1.1767,130.11
2021-07-26,1.1787,130.05
2021-07-27,1.181,129.98
2021-07-28,1.1807,129.97
2021-07-29,1.1873,130.41
2021-07-30,1.1891,130.39
2021-08-02,1.1886,130.17
2021-08-03,1.1885,129.7
2021-08-04,1.1861,129.31
2021-08-05,1.185,129.79
2021-08-06,1.1807,129.64
2021-08-09,1.1761,129.5
2021-08-10,1.1722,129.48
2021-08-11,1.1718,129.68
2021-08-12,1.1739,129.61
2021-08-13,1.1765,129.64
2021-08-16,1.1772,128.75
2021-08-17,1.1767,128.57
2021-08-18,1.1723,128.67
2021-08-19,1.1696,128.21
2021-08-20,1.1671,127.97
2021-08-23,1.1718,129.02
2021-08-24,1.174,128.74
2021-08-25,1.1736,129
2021-08-26,1.1767,129.6
2021-08-27,1.1761,129.59
2021-08-30,1.1801,129.66
2021-08-31,1.1834,129.95
2021-09-01,1.1817,130.35
2021-09-02,1.1846,130.31
2021-09-03,1.1872,130.54
2021-09-06,1.1864,130.34
2021-09-07,1.186,130.51
2021-09-08,1.1827,130.31
2021-09-09,1.1838,130.1
2021-09-10,1.1841,130.03
2021-09-13,1.178,129.62
2021-09-14,1.1814,130.08
2021-09-15,1.1824,129.11
2021-09-16,1.1763,128.67
2021-09-17,1.178,129.61
2021-09-20,1.1711,128.18
2021-09-21,1.1738,128.34
2021-09-22,1.1729,128.5
2021-09-23,1.1715,128.88
2021-09-24,1.1719,129.49
2021-09-27,1.1698,129.74
2021-09-28,1.1678,130.17
2021-09-29,1.1654,129.89
2021-09-30,1.1579,129.67
2021-10-01,1.16,128.97
2021-10-04,1.1636,129.21
2021-10-05,1.1602,128.99
2021-10-06,1.1542,128.52
2021-10-07,1.1562,128.78
2021-10-08,1.1569,129.32
2021-10-11,1.1574,130.7
2021-10-12,1.1555,131.06
2021-10-13,1.1562,131.3
2021-10-14,1.1602,131.65
2021-10-15,1.1602,132.65
2021-10-18,1.1604,132.46
2021-10-19,1.1655,133.12
2021-10-20,1.1623,132.78
2021-10-21,1.1637,132.85
2021-10-22,1.163,132.43
2021-10-25,1.1603,131.88
2021-10-26,1.1618,132.47
2021-10-27,1.1617,132
2021-10-28,1.1593,131.7
2021-10-29,1.1645,132.62
2021-11-01,1.1578,132.19
2021-11-02,1.1603,132.03
2021-11-03,1.1578,131.9
2021-11-04,1.1569,131.77
2021-11-05,1.1519,130.98
2021-11-08,1.1579,131.29
2021-11-09,1.1577,130.9
2021-11-10,1.1558,130.9
2021-11-11,1.146,130.59
2021-11-12,1.1448,130.5
2021-11-15,1.1444,130.32
2021-11-16,1.1368,129.89
2021-11-17,1.1316,129.78
2021-11-18,1.1345,129.58
2021-11-19,1.1271,128.22
2021-11-22,1.1278,128.69
2021-11-23,1.1259,129.36
2021-11-24,1.1206,129.06
2021-11-25,1.1223,129.41
2021-11-26,1.1291,128.82
2021-11-29,1.1276,128.21
2021-11-30,1.1363,128.2
2021-12-01,1.1314,128.27
2021-12-02,1.1339,127.94
2021-12-03,1.1291,127.97
2021-12-06,1.1287,127.78
2021-12-07,1.1256,127.83
2021-12-08,1.1299,128.57
2021-12-09,1.1311,128.21
2021-12-10,1.1273,128.2
2021-12-13,1.1278,128.19
2021-12-14,1.1309,128.45
2021-12-15,1.1262,128.25
2021-12-16,1.1336,129.37
2021-12-17,1.133,128.28
2021-12-20,1.1273,127.98
2021-12-21,1.1295,128.44
2021-12-22,1.1301,129.08
2021-12-23,1.131,129.39
2021-12-24,1.1317,129.45
2021-12-27,1.1312,129.79
2021-12-28,1.1331,130.16
2021-12-29,1.1303,129.97
2021-12-30,1.1334,130.44
2021-12-31,1.1326,130.38
2022-01-03,1.1355,130.56
2022-01-04,1.1279,131.17
2022-01-05,1.1319,131.03
2022-01-06,1.1315,131.05
2022-01-07,1.1298,130.9
2022-01-10,1.1318,130.45
2022-01-11,1.1336,130.95
2022-01-12,1.137,131.19
2022-01-13,1.1463,130.98
2022-01-14,1.1447,130.17
2022-01-17,1.1403,130.64
2022-01-18,1.1367,130.39
2022-01-19,1.1345,129.86
2022-01-20,1.1338,129.53
2022-01-21,1.1348,129.14
2022-01-24,1.1304,128.62
2022-01-25,1.1268,128.49
2022-01-26,1.1277,128.86
2022-01-27,1.116,128.74
2022-01-28,1.1138,128.68
2022-01-31,1.1156,128.79
2022-02-01,1.126,129.12
2022-02-02,1.1323,129.37
2022-02-03,1.1286,129.63
2022-02-04,1.1464,131.72
2022-02-07,1.1447,131.59
2022-02-08,1.1408,131.68
2022-02-09,1.1435,132.04
2022-02-10,1.1439,132.42
2022-02-11,1.1417,132.24
2022-02-14,1.1316,130.6
2022-02-15,1.1345,131.18
2022-02-16,1.1372,131.56
2022-02-17,1.137,130.84
2022-02-18,1.1354,130.59
2022-02-21,1.1338,130.2
2022-02-22,1.1342,130.54
2022-02-23,1.1344,130.58
2022-02-24,1.1163,128.28
2022-02-25,1.1216,129.64
2022-02-28,1.1199,129.31
2022-03-01,1.1162,128.15
2022-03-02,1.1106,128.08
2022-03-03,1.1076,128.18
2022-03-04,1.0929,126.17
2022-03-07,1.0895,125.55
2022-03-08,1.0892,126.03
2022-03-09,1.0993,127.31
2022-03-10,1.1084,128.54
2022-03-11,1.099,128.46
2022-03-14,1.096,129.3
2022-03-15,1.0991,129.67
2022-03-16,1.0994,130.05
2022-03-17,1.1051,131.27
2022-03-18,1.1008,131.4
2022-03-21,1.1038,131.57
2022-03-22,1.1024,132.96
2022-03-23,1.0985,132.65
2022-03-24,1.0978,133.71
2022-03-25,1.1002,134.07
2022-03-28,1.0966,135.93
2022-03-29,1.1085,136.66
2022-03-30,1.1126,135.47
2022-03-31,1.1101,135.17
2022-04-01,1.1052,135.35
2022-04-04,1.1005,135.08
2022-04-05,1.0969,134.76
2022-04-06,1.0923,135.3
2022-04-07,1.0916,135.32
2022-04-08,1.0861,134.87
2022-04-11,1.09,137.01
2022-04-12,1.0861,136.29
2022-04-13,1.0826,136.26
2022-04-14,1.0878,136.32
2022-04-19,1.0803,138.4
2022-04-20,1.083,138.53
2022-04-21,1.0887,139.61
2022-04-22,1.0817,138.83
2022-04-25,1.0746,137.73
2022-04-26,1.0674,136.15
2022-04-27,1.0583,135.57
2022-04-28,1.0485,137.13
2022-04-29,1.054,137.01
2022-05-02,1.0524,136.63
2022-05-03,1.0556,137.06
2022-05-04,1.0531,136.84
2022-05-05,1.0568,137.18
2022-05-06,1.057,137.9
2022-05-09,1.0559,138.1
2022-05-10,1.0554,137.38
2022-05-11,1.0553,137.07
2022-05-12,1.0408,133.85
2022-05-13,1.0385,133.91
2022-05-16,1.0422,135.01
2022-05-17,1.0541,136.32
2022-05-18,1.0523,135.76
2022-05-19,1.0525,134.46
2022-05-20,1.0577,135.34
2022-05-23,1.0659,136.05
2022-05-24,1.072,136.49
2022-05-25,1.0656,135.34
2022-05-26,1.0697,135.95
2022-05-27,1.0722,136.05
2022-05-30,1.0764,137.25
2022-05-31,1.0713,137.36
2022-06-01,1.0712,138.68
2022-06-02,1.0692,138.72
2022-06-03,1.073,139.59
2022-06-06,1.0726,140.16
2022-06-07,1.0662,141.66
2022-06-08,1.0739,143.92
2022-06-09,1.0743,143.93
2022-06-10,1.0578,141.69
2022-06-13,1.0455,140.51
2022-06-14,1.0452,140.62
2022-06-15,1.0431,140.49
2022-06-16,1.04,138.24
2022-06-17,1.0486,141.21
2022-06-20,1.0517,141.94
2022-06-21,1.055,143.75
2022-06-22,1.0521,143.11
2022-06-23,1.0493,142.11
2022-06-24,1.0524,142.19
2022-06-27,1.0572,143.25
2022-06-28,1.0561,143.67
2022-06-29,1.0517,143.53
2022-06-30,1.0387,141.54
2022-07-01,1.0425,141.05
2022-07-04,1.0455,141.51
2022-07-05,1.029,139.77
2022-07-06,1.0177,137.71
2022-07-07,1.018,138.11
2022-07-08,1.0163,138.05
2022-07-11,1.0098,138.77
2022-07-12,1.0042,137.31
2022-07-13,1.0067,138.02
2022-07-14,1.0005,139.04
2022-07-15,1.0059,139.49
2022-07-18,1.0131,140.16
2022-07-19,1.0245,141.01
2022-07-20,1.0199,140.92
2022-07-21,1.0199,141.46
2022-07-22,1.019,139.51
2022-07-25,1.0236,139.84
2022-07-26,1.0124,138.35
2022-07-27,1.0152,138.89
2022-07-28,1.0122,137.26
2022-07-29,1.0198,136.42
2022-08-01,1.0233,135.38
2022-08-02,1.0224,133.9
2022-08-03,1.0194,136.18
2022-08-04,1.0181,135.81
2022-08-05,1.0233,136.22
2022-08-08,1.0199,137.62
2022-08-09,1.0234,138.26
2022-08-10,1.0252,138.16
2022-08-11,1.0338,136.57
2022-08-12,1.0285,137.47
2022-08-15,1.0195,135.61
2022-08-16,1.0131,136.11
2022-08-17,1.0164,137.36
2022-08-18,1.0178,137.17
2022-08-19,1.0054,137.67
2022-08-22,1.0001,137.08
2022-08-23,0.9927,136.34
2022-08-24,0.9934,135.74
2022-08-25,0.997,136.07
2022-08-26,1.0007,137.02
2022-08-29,0.9986,138.49
2022-08-30,1.0034,138.71
2022-08-31,1,138.72
2022-09-01,1.0004,139.34
2022-09-02,0.9993,140.36
2022-09-05,0.992,139.47
2022-09-06,0.9928,140.91
2022-09-07,0.9885,143.2
2022-09-08,1.0009,143.65
2022-09-09,1.0049,143.3
2022-09-12,1.0155,144.49
2022-09-13,1.0175,144.5
2022-09-14,0.999,143.08
2022-09-15,0.9992,143.43
2022-09-16,0.9954,142.53
2022-09-19,0.999,143.42
2022-09-20,0.9986,143.34
2022-09-21,0.9906,142.66
2022-09-22,0.9884,139.18
2022-09-23,0.9754,139.43
2022-09-26,0.9646,139.07
2022-09-27,0.9644,139.28
2022-09-28,0.9565,138.39
2022-09-29,0.9706,140.46
2022-09-30,0.9748,141.01
2022-10-03,0.9764,141.49
2022-10-04,0.9891,143.3
2022-10-05,0.9915,143.18
2022-10-06,0.986,142.68
2022-10-07,0.9797,141.92
2022-10-10,0.9697,141.16
2022-10-11,0.9723,141.54
2022-10-12,0.9706,142.34
2022-10-13,0.9739,142.94
2022-10-14,0.9717,143.63
2022-10-17,0.9739,145
2022-10-18,0.9835,146.65
2022-10-19,0.9778,146.34
2022-10-20,0.9811,146.99
2022-10-21,0.973,147.59
2022-10-24,0.9851,146.76
2022-10-25,0.9861,146.84
2022-10-26,1.0023,147.32
2022-10-27,1.0037,147.37
2022-10-28,0.9951,146.79
2022-10-31,0.9914,147.4
2022-11-01,0.9947,146.35
2022-11-02,0.9908,145.75
2022-11-03,0.9753,144.58
2022-11-04,0.9872,145.19
2022-11-07,0.9993,146.18
2022-11-08,0.9996,146.25
2022-11-09,1.0039,146.82
2022-11-10,0.9954,145.47
2022-11-11,1.0308,143.89
2022-11-14,1.0319,144.86
2022-11-15,1.0404,144.84
2022-11-16,1.0412,145.29
2022-11-17,1.0319,144.8
2022-11-18,1.0366,145.12
2022-11-21,1.0246,145.33
2022-11-22,1.0274,145.2
2022-11-23,1.0325,145.75
2022-11-24,1.0413,143.9
2022-11-25,1.0375,144.62
2022-11-28,1.0463,144.9
2022-11-29,1.0366,143.36
2022-11-30,1.0376,144.28
2022-12-01,1.0454,142.48
2022-12-02,1.0538,141.32
2022-12-05,1.0587,143.07
2022-12-06,1.0516,143.33
2022-12-07,1.0529,144.44
2022-12-08,1.0519,143.75
2022-12-09,1.0559,143.3
2022-12-12,1.0562,144.86
2022-12-13,1.0545,144.85
2022-12-14,1.0649,143.68
2022-12-15,1.0621,145.07
2022-12-16,1.0619,145.53
2022-12-19,1.0598,144.65
2022-12-20,1.0599,140.58
2022-12-21,1.0636,140.29
2022-12-22,1.0633,140.42
2022-12-23,1.0622,140.86
2022-12-27,1.0624,141.68
2022-12-28,1.064,142.21
2022-12-29,1.0649,142.24
2022-12-30,1.0666,140.66
2023-01-02,1.0683,139.62
2023-01-03,1.0545,137.93
2023-01-04,1.0599,138.74
2023-01-05,1.0601,140.95
2023-01-06,1.05,141.3
2023-01-09,1.0696,141.35
2023-01-10,1.0723,141.92
2023-01-11,1.0747,142.61
2023-01-12,1.0772,140.61
2023-01-13,1.0814,139.02
2023-01-16,1.0812,138.92
2023-01-17,1.0843,139.5
2023-01-18,1.0839,139.79
2023-01-19,1.0815,139.02
2023-01-20,1.0826,140.86
2023-01-23,1.0871,141.65
2023-01-24,1.0858,141.47
2023-01-25,1.0878,141.17
2023-01-26,1.0895,141.38
2023-01-27,1.0865,141.1
2023-01-30,1.0903,141.79
2023-01-31,1.0833,141.27
2023-02-01,1.0894,141.37
2023-02-02,1.0988,141.12
2023-02-03,1.0937,140.45
2023-02-06,1.0776,142.41
2023-02-07,1.07,141.3
2023-02-08,1.0735,140.81
2023-02-09,1.0771,140.8
2023-02-10,1.069,139.88
2023-02-13,1.0686,141.65
2023-02-14,1.0759,142.14
2023-02-15,1.07,143.05
2023-02-16,1.07,143.31
2023-02-17,1.0625,143.18
2023-02-20,1.0674,143.09
2023-02-21,1.0664,143.76
2023-02-22,1.0644,143.24
2023-02-23,1.0616,143.32
2023-02-24,1.057,143.55
2023-02-27,1.0554,143.88
2023-02-28,1.0619,145.23
2023-03-01,1.0684,144.82
2023-03-02,1.0605,145.07
2023-03-03,1.0615,144.55
2023-03-06,1.0646,144.64
2023-03-07,1.0665,145.21
2023-03-08,1.0545,144.7
2023-03-09,1.0554,143.82
2023-03-10,1.0586,144.7
2023-03-13,1.0706,141.96
2023-03-14,1.0737,144.09
2023-03-15,1.0549,139.51
2023-03-16,1.0595,140.18
2023-03-17,1.0623,140.57
2023-03-20,1.0717,140.77
2023-03-21,1.0776,142.63
2023-03-22,1.0785,143.13
2023-03-23,1.0879,142.87
2023-03-24,1.0745,139.85
2023-03-27,1.0773,141.64
2023-03-28,1.0841,141.69
2023-03-29,1.0847,143.58
2023-03-30,1.0886,144.42
2023-03-31,1.0875,144.83
2023-04-03,1.087,144.51
2023-04-04,1.0901,144.94
2023-04-05,1.094,143.74
2023-04-06,1.0915,143.49
2023-04-11,1.0905,145.28
2023-04-12,1.0922,146.09
2023-04-13,1.1015,146.81
2023-04-14,1.1057,146.6
2023-04-17,1.0981,146.97
2023-04-18,1.0972,146.89
2023-04-19,1.0933,147.24
2023-04-20,1.0944,147.46
2023-04-21,1.0978,146.92
2023-04-24,1.1002,148.17
2023-04-25,1.1022,147.91
2023-04-26,1.1039,147.67
2023-04-27,1.1042,147.16
2023-04-28,1.0981,149.35
2023-05-02,1.0965,150.7
2023-05-03,1.1043,149.66
2023-05-04,1.1074,148.92
2023-05-05,1.1014,147.8
2023-05-08,1.1037,149.15
2023-05-09,1.0959,147.97
2023-05-10,1.095,148.18
2023-05-11,1.093,146.54
2023-05-12,1.0892,147.02
2023-05-15,1.0876,148.15
2023-05-16,1.0881,147.89
2023-05-17,1.0829,148.31
2023-05-18,1.0813,149.08
2023-05-19,1.0808,149.55
2023-05-22,1.0822,149.64
2023-05-23,1.0779,149.2
2023-05-24,1.0785,149.3
2023-05-25,1.0735,149.63
2023-05-26,1.0751,150.24
2023-05-29,1.0715,150.29
2023-05-30,1.0744,150.01
2023-05-31,1.0683,149.13
2023-06-01,1.0697,149.25
2023-06-02,1.0763,149.46
2023-06-05,1.069,149.96
2023-06-06,1.0683,149.09
2023-06-07,1.0717,149.42
2023-06-08,1.0737,149.98
2023-06-09,1.078,150.24
2023-06-12,1.0765,150.03
2023-06-13,1.0793,150.62
2023-06-14,1.0809,151.21
2023-06-15,1.0819,152.86
2023-06-16,1.0966,154.65
2023-06-19,1.0922,154.94
2023-06-20,1.0933,154.51
2023-06-21,1.0923,154.89
2023-06-22,1.0985,156.05
2023-06-23,1.0884,155.84
2023-06-26,1.0918,156.41
2023-06-27,1.0951,157.14
2023-06-28,1.0938,157.82
2023-06-29,1.0938,157.74
2023-06-30,1.0866,157.16
2023-07-03,1.0899,157.81
2023-07-04,1.0895,157.34
2023-07-05,1.0879,157.26
2023-07-06,1.0899,156.57
2023-07-07,1.0888,156.01
2023-07-10,1.0956,155.73
2023-07-11,1.0989,154.27
2023-07-12,1.1022,153.84
2023-07-13,1.1182,154.84
2023-07-14,1.1221,155.51
2023-07-17,1.123,155.38
2023-07-18,1.1255,155.4
2023-07-19,1.1222,156.76
2023-07-20,1.1197,156.35
2023-07-21,1.1123,157.63
2023-07-24,1.1096,156.47
2023-07-25,1.1051,156.18
2023-07-26,1.1059,155.3
2023-07-27,1.1125,155.95
2023-07-28,1.101,153.35
2023-07-31,1.1023,156.73
2023-08-01,1.097,156.85
2023-08-02,1.0985,156.88
2023-08-03,1.0932,156.24
2023-08-04,1.0946,156.11
2023-08-07,1.0984,156.21
2023-08-08,1.0944,156.55
2023-08-09,1.0968,157.35
2023-08-10,1.1019,158.43
2023-08-11,1.1004,158.97
2023-08-14,1.093,158.68
2023-08-15,1.0926,159.04
2023-08-16,1.0916,159.07
2023-08-17,1.09,158.88
2023-08-18,1.0867,158.11
2023-08-21,1.0908,159.15
2023-08-22,1.0887,158.7
2023-08-23,1.0805,157.28
2023-08-24,1.084,157.96
2023-08-25,1.0808,157.75
2023-08-28,1.0808,158.35
2023-08-29,1.0803,158.93
2023-08-30,1.0886,159.15
2023-08-31,1.0868,158.49
2023-09-01,1.0844,157.47
2023-09-04,1.0801,158.11
2023-09-05,1.0731,158.2
2023-09-06,1.0745,158.18
2023-09-07,1.071,157.7
2023-09-08,1.0704,157.84
2023-09-11,1.0724,157.16
2023-09-12,1.0713,157.42
2023-09-13,1.0733,158.28
2023-09-14,1.073,158.13
2023-09-15,1.0658,157.5
2023-09-18,1.0663,157.44
2023-09-19,1.0713,158.2
2023-09-20,1.0702,158.28
2023-09-21,1.0635,157.34
2023-09-22,1.0647,157.87
2023-09-25,1.0633,158.08
2023-09-26,1.0605,157.87
2023-09-27,1.0536,157.2
2023-09-28,1.0539,157.33
2023-09-29,1.0594,158.1
2023-10-02,1.053,157.67
2023-10-03,1.0469,157.01
2023-10-04,1.0497,156.48
2023-10-05,1.0526,156.71
2023-10-06,1.0563,157.47
2023-10-09,1.0531,157.06
2023-10-10,1.0582,157.71
2023-10-11,1.0604,157.87
2023-10-12,1.0619,158.35
2023-10-13,1.0524,157.44
2023-10-16,1.0538,157.54
2023-10-17,1.0569,158.03
2023-10-18,1.0565,158.1
2023-10-19,1.0558,158.21
2023-10-20,1.0591,158.8
2023-10-23,1.0597,158.91
2023-10-24,1.0632,159.26
2023-10-25,1.0576,158.55
2023-10-26,1.054,158.48
2023-10-27,1.0541,158.08
2023-10-30,1.0605,158.8
2023-10-31,1.0619,160.3
2023-11-01,1.0537,159.33
2023-11-02,1.0661,159.89
2023-11-03,1.0702,159.87
2023-11-06,1.0741,160.87
2023-11-07,1.0686,160.77
2023-11-08,1.0671,160.97
2023-11-09,1.0691,161.57
2023-11-10,1.0683,161.77
2023-11-13,1.067,161.96
2023-11-14,1.0724,162.67
2023-11-15,1.0868,163.39
2023-11-16,1.0849,164.05
2023-11-17,1.0872,162.29
2023-11-20,1.0928,162.12
2023-11-21,1.0955,161.61
2023-11-22,1.0911,162.25
2023-11-23,1.09,162.98
2023-11-24,1.0916,163.3
2023-11-27,1.0951,162.86
2023-11-28,1.0949,162.74
2023-11-29,1.0985,162.12
2023-11-30,1.0931,161.19
2023-12-01,1.0875,161.14
2023-12-04,1.0868,159.47
2023-12-05,1.0817,159.13
2023-12-06,1.0778,158.7
2023-12-07,1.0771,156.18
2023-12-08,1.0777,155.53
2023-12-11,1.0757,157.54
2023-12-12,1.0804,156.84
2023-12-13,1.0787,157.13
2023-12-14,1.0919,154.8
2023-12-15,1.0946,155.15
2023-12-18,1.0918,155.95
2023-12-19,1.0962,158.2
2023-12-20,1.0944,157.12
2023-12-21,1.0983,156.79
2023-12-22,1.1023,156.66
2023-12-27,1.1065,157.81
2023-12-28,1.1114,156.57
2023-12-29,1.105,156.33
2024-01-02,1.0956,155.68
2024-01-03,1.0919,156.16
2024-01-04,1.0953,157.91
2024-01-05,1.0921,158.57
2024-01-08,1.0946,158.19
2024-01-09,1.094,157.63
2024-01-10,1.0946,159.03
2024-01-11,1.0987,159.71
2024-01-12,1.0942,159.17
2024-01-15,1.0945,159.67
2024-01-16,1.0882,159.64
2024-01-17,1.0877,160.65
2024-01-18,1.0875,160.89
2024-01-19,1.0887,161.17
2024-01-22,1.089,160.95
2024-01-23,1.0872,160.88
2024-01-24,1.0905,160.46
2024-01-25,1.0893,160.81
2024-01-26,1.0871,160.62
2024-01-29,1.0823,160.13
2024-01-30,1.0846,159.97
2024-01-31,1.0837,160.19
2024-02-01,1.0814,158.96
2024-02-02,1.0883,159.58
2024-02-05,1.0746,159.72
2024-02-06,1.0743,159.56
2024-02-07,1.0776,159.71
2024-02-08,1.0758,160.55
2024-02-09,1.0772,161
2024-02-12,1.0773,160.51
2024-02-13,1.0793,161.17
2024-02-14,1.0713,161.28
2024-02-15,1.0743,161.26
2024-02-16,1.0768,161.88
2024-02-19,1.0776,161.59
2024-02-20,1.0802,162.18
2024-02-21,1.0809,162.12
2024-02-22,1.0844,163.12
2024-02-23,1.0834,162.91
2024-02-26,1.0852,163.38
2024-02-27,1.0856,163.04
2024-02-28,1.0808,162.87
2024-02-29,1.0826,162.53
2024-03-01,1.0813,162.82
2024-03-04,1.0846,163.22
2024-03-05,1.0849,163.01
2024-03-06,1.0874,162.67
2024-03-07,1.0895,161.09
2024-03-08,1.0932,160.99
2024-03-11,1.0926,160.43
2024-03-12,1.0916,161.39
2024-03-13,1.0939,161.83
2024-03-14,1.0925,161.7
2024-03-15,1.0892,162.03
2024-03-18,1.0892,162.51
2024-03-19,1.0854,163.37
2024-03-20,1.0844,164.54
2024-03-21,1.0907,164.96
2024-03-22,1.0823,163.74
2024-03-25,1.0835,163.78
2024-03-26,1.0855,164.4
2024-03-27,1.0816,163.52
2024-03-28,1.0811,163.45
2024-04-02,1.0749,163.01
2024-04-03,1.0783,163.66
2024-04-04,1.0852,164.69
2024-04-05,1.0841,164.1
2024-04-08,1.0823,164.43
2024-04-09,1.0867,164.97
2024-04-10,1.086,164.89
2024-04-11,1.0729,164.18
2024-04-12,1.0652,163.16
2024-04-15,1.0656,164.05
2024-04-16,1.0637,164.54
2024-04-17,1.0638,164.54
2024-04-18,1.0679,164.82
2024-04-19,1.0653,164.68
2024-04-22,1.0632,164.51
2024-04-23,1.0674,165.23
2024-04-24,1.0686,165.57
2024-04-25,1.072,166.76
2024-04-26,1.0714,168.03
2024-04-29,1.072,167.53
2024-04-30,1.0718,168.27
2024-05-02,1.0698,165.63
2024-05-03,1.0744,164.62
2024-05-06,1.0776,165.7
2024-05-07,1.0766,166.45
2024-05-08,1.0743,167.15
2024-05-09,1.0732,167.32
2024-05-10,1.0779,167.87
2024-05-13,1.0795,168.25
2024-05-14,1.0796,168.89
2024-05-15,1.0832,168.43
2024-05-16,1.0866,168.33
2024-05-17,1.0844,168.96
2024-05-20,1.0861,169.25
2024-05-21,1.0864,169.86
2024-05-22,1.083,169.54
2024-05-23,1.0854,169.9
2024-05-24,1.084,170.28
2024-05-27,1.0843,170.07
2024-05-28,1.0882,170.54
2024-05-29,1.0857,170.74
2024-05-30,1.0815,169.5
2024-05-31,1.0852,170.52
2024-06-03,1.0842,170.09
2024-06-04,1.0865,168.29
2024-06-05,1.0872,169.72
2024-06-06,1.0865,169.74
2024-06-07,1.0898,169.52
2024-06-10,1.0756,168.74
2024-06-11,1.073,168.46
2024-06-12,1.0765,169.35
2024-06-13,1.0784,169.58
2024-06-14,1.0686,167.8
2024-06-17,1.0712,169.11
2024-06-18,1.0715,169.41
2024-06-19,1.0749,169.78
2024-06-20,1.0719,169.82
2024-06-21,1.0688,169.82
2024-06-24,1.073,171.17
2024-06-25,1.0714,170.84
2024-06-26,1.0689,171.42
2024-06-27,1.0696,171.66
2024-06-28,1.0705,171.94
2024-07-01,1.0745,173.15
2024-07-02,1.0729,173.31
2024-07-03,1.0758,174.18
2024-07-04,1.08,173.84
2024-07-05,1.0824,174.06
2024-07-08,1.0835,174.37
2024-07-09,1.0814,174.2
2024-07-10,1.0825,174.79
2024-07-11,1.0855,175.39
2024-07-12,1.089,172.87
2024-07-15,1.0907,172.34
2024-07-16,1.0902,172.65
2024-07-17,1.0934,171.21
2024-07-18,1.093,171.02
2024-07-19,1.089,171.61
2024-07-22,1.0888,170.8
2024-07-23,1.086,169.64
2024-07-24,1.0848,167.23
2024-07-25,1.0851,165.62
2024-07-26,1.086,167.84
2024-07-29,1.0817,166.44
2024-07-30,1.0824,167.61
2024-07-31,1.0828,162.76
2024-08-01,1.0789,162.66
2024-08-02,1.0835,161.37
2024-08-05,1.0966,155.98
2024-08-06,1.0915,158.29
2024-08-07,1.0922,160.62
2024-08-08,1.093,159.74
2024-08-09,1.0917,160.33
2024-08-12,1.0925,161.25
2024-08-13,1.0931,161.17
2024-08-14,1.1019,161.98
2024-08-15,1.1011,162.14
2024-08-16,1.0994,162.72
2024-08-19,1.1041,161.22
2024-08-20,1.1084,162.18
2024-08-21,1.1116,162.26
2024-08-22,1.1135,162.64
2024-08-23,1.1121,162.37
2024-08-26,1.1163,160.94
2024-08-27,1.1162,161.24
2024-08-28,1.1117,160.57
2024-08-29,1.1088,160.36
2024-08-30,1.1087,161.19
2024-09-02,1.1061,162.56
2024-09-03,1.1035,161.26
2024-09-04,1.105,160.26
2024-09-05,1.1097,159.2
2024-09-06,1.1103,158.93
2024-09-09,1.1043,158.53
2024-09-10,1.1031,157.81
2024-09-11,1.1043,156.6
2024-09-12,1.1016,157.02
2024-09-13,1.1081,156.17
2024-09-16,1.1126,155.66
2024-09-17,1.1139,156.71
2024-09-18,1.1124,157.94
2024-09-19,1.1156,159.53
2024-09-20,1.1166,161.08
2024-09-23,1.1119,159.58
2024-09-24,1.1133,160.14
2024-09-25,1.1194,161.49
2024-09-26,1.1155,160.78
2024-09-27,1.1158,159.63
2024-09-30,1.1196,159.82
2024-10-01,1.1086,159.37
2024-10-02,1.1071,160.26
2024-10-03,1.1039,161.98
2024-10-04,1.1029,161.69
2024-10-07,1.0982,162.63
2024-10-08,1.0982,162.49
2024-10-09,1.0957,162.97
2024-10-10,1.0932,162.85
2024-10-11,1.0938,162.94
2024-10-14,1.0915,163.39
2024-10-15,1.0903,162.85
2024-10-16,1.0897,162.57
2024-10-17,1.0866,162.5
2024-10-18,1.0847,162.75
2024-10-21,1.0853,162.79
2024-10-22,1.0821,163.22
2024-10-23,1.0767,164.66
2024-10-24,1.0801,164.12
2024-10-25,1.0825,164.45
2024-10-28,1.0818,165.18
2024-10-29,1.0774,165.66
2024-10-30,1.0815,165.91
2024-10-31,1.0882,166.3
2024-11-01,1.0885,165.54
2024-11-04,1.0904,165.47
2024-11-05,1.0897,165.93
2024-11-06,1.0695,165.05
2024-11-07,1.0785,165.71
2024-11-08,1.0772,164.18
2024-11-11,1.0651,163.82
2024-11-12,1.0617,163.71
2024-11-13,1.0629,164.71
2024-11-14,1.0533,164.24
2024-11-15,1.0583,164.36
2024-11-18,1.0552,163.74
2024-11-19,1.0578,162.71
2024-11-20,1.0562,164.42
2024-11-21,1.0526,162.53
2024-11-22,1.0412,160.84
2024-11-25,1.0495,161.64
2024-11-26,1.0522,161.13
2024-11-27,1.0531,159.65
2024-11-28,1.0542,159.89
2024-11-29,1.0562,158.64
2024-12-02,1.0507,157.74
2024-12-03,1.0512,157.3
2024-12-04,1.0492,158.59
2024-12-05,1.054,158.52
2024-12-06,1.0581,159.25
2024-12-09,1.0568,159.4
2024-12-10,1.0527,159.74
2024-12-11,1.0507,160.35
2024-12-12,1.0491,159.6
2024-12-13,1.0518,161.45
2024-12-16,1.0498,161.73
2024-12-17,1.0497,161.63
2024-12-18,1.0496,161.52
2024-12-19,1.0395,163.07
2024-12-20,1.039,162.89
2024-12-23,1.0393,163.36
2024-12-24,1.0395,163.25
2024-12-27,1.0435,164.65
2024-12-30,1.0444,164.57
2024-12-31,1.0389,163.06
2025-01-02,1.0321,162.04
2025-01-03,1.0299,161.77
2025-01-06,1.0426,163.25
2025-01-07,1.0393,163.86
2025-01-08,1.0286,162.94
2025-01-09,1.0305,162.56
2025-01-10,1.0304,162.86
2025-01-13,1.0198,160.22
2025-01-14,1.0245,161.63
2025-01-15,1.03,161.75
2025-01-16,1.0272,160.46
2025-01-17,1.0298,160.23
2025-01-20,1.0316,161.36
2025-01-21,1.0357,161.26
2025-01-22,1.0443,162.72
2025-01-23,1.0404,162.58
2025-01-24,1.0472,163.9
2025-01-27,1.053,162.21
2025-01-28,1.0421,161.86
2025-01-29,1.0396,161.5
2025-01-30,1.0403,160.32
2025-01-31,1.0393,160.99
2025-02-03,1.0274,158.87
2025-02-04,1.0335,160.52
2025-02-05,1.0422,159.25
2025-02-06,1.036,157.95
2025-02-07,1.0377,157.77
2025-02-10,1.032,156.92
2025-02-11,1.0324,157.28
2025-02-12,1.037,159.22
2025-02-13,1.039,159.79
2025-02-14,1.0478,160.09
2025-02-17,1.0473,158.67
2025-02-18,1.0447,158.55
2025-02-19,1.0434,158.41
2025-02-20,1.0443,156.6
2025-02-21,1.0465,157.46
2025-02-24,1.0466,156.81
2025-02-25,1.0497,157.19
2025-02-26,1.0487,156.7
2025-02-27,1.0477,156.73
2025-02-28,1.0411,156.96
2025-03-03,1.0465,158.33
2025-03-04,1.0557,156.5
2025-03-05,1.0694,160.09
2025-03-06,1.0796,159.24
2025-03-07,1.0857,160.35
2025-03-10,1.0845,159.39
2025-03-11,1.0912,161.52
2025-03-12,1.0886,162.23
2025-03-13,1.083,160.64
2025-03-14,1.0889,161.88
2025-03-17,1.0903,162.26
2025-03-18,1.0918,163.5
2025-03-19,1.0897,163.27
2025-03-20,1.0833,160.85
2025-03-21,1.0827,160.99
2025-03-24,1.0824,162.15
2025-03-25,1.0825,162.32
2025-03-26,1.0788,162.2
2025-03-27,1.0785,162.55
2025-03-28,1.0797,162.64
2025-03-31,1.0815,161.6
2025-04-01,1.0788,160.93
2025-04-02,1.0803,161.22
2025-04-03,1.1097,162.17
2025-04-04,1.1057,160.56
2025-04-07,1.0967,160.58
2025-04-08,1.095,160.65
2025-04-09,1.1045,159.61
2025-04-10,1.1082,161.28
2025-04-11,1.1346,162.07
2025-04-14,1.1377,162.97
2025-04-15,1.1324,161.85
2025-04-16,1.1355,162.09
2025-04-17,1.136,161.98
2025-04-22,1.1476,161.05
2025-04-23,1.1415,161.68
2025-04-24,1.1376,162.16
2025-04-25,1.1357,162.8
2025-04-28,1.1358,162.8
2025-04-29,1.1373,162.28
2025-04-30,1.1373,162.68
2025-05-02,1.1343,163.93
2025-05-05,1.1343,163.19
2025-05-06,1.1325,161.64
2025-05-07,1.136,162.89
2025-05-08,1.1297,163.45
2025-05-09,1.1252,163.36
2025-05-12,1.1106,164.46
2025-05-13,1.1112,164.61
2025-05-14,1.1214,164.01
2025-05-15,1.1185,163.3
2025-05-16,1.1194,163.05
2025-05-19,1.1262,163.26
2025-05-20,1.1241,162.59
2025-05-21,1.1321,162.76
2025-05-22,1.1309,162.19
2025-05-23,1.1301,161.13
2025-05-26,1.1381,162.63
2025-05-27,1.1356,163.72
2025-05-28,1.1317,163.43
2025-05-29,1.1281,163.47
2025-05-30,1.1339,162.96
2025-06-02,1.1419,162.98
2025-06-03,1.1386,163
2025-06-04,1.1384,164.15
2025-06-05,1.1423,163.66
2025-06-06,1.1411,164.62
2025-06-09,1.141,164.88
2025-06-10,1.1429,165.23
2025-06-11,1.1433,166.17
2025-06-12,1.1594,166.64
2025-06-13,1.1512,165.94
2025-06-16,1.1574,166.89
2025-06-17,1.1568,167.35
2025-06-18,1.1508,166.67
2025-06-19,1.1478,167.2
2025-06-20,1.1515,167.67
2025-06-23,1.1472,169.27
2025-06-24,1.1607,168.27
2025-06-25,1.1598,169.07
2025-06-26,1.1695,168.92
2025-06-27,1.1704,169.24
2025-06-30,1.172,169.17
2025-07-01,1.181,168.7
2025-07-02,1.1755,169.45
2025-07-03,1.1782,169.58
2025-07-04,1.1767,169.92
2025-07-07,1.1728,170.71
2025-07-08,1.1718,171.7
2025-07-09,1.1698,171.63
2025-07-10,1.1709,171.33
2025-07-11,1.1683,171.81
2025-07-14,1.169,172.27
2025-07-15,1.1665,172.58
2025-07-16,1.1602,172.56
2025-07-17,1.1579,172.28
2025-07-18,1.165,172.94
2025-07-21,1.1667,172.02
2025-07-22,1.1699,172.17
2025-07-23,1.1726,171.53
2025-07-24,1.1756,172.22
2025-07-25,1.1724,173.11
2025-07-28,1.1654,172.65
2025-07-29,1.1533,171.58
2025-07-30,1.1527,170.96
2025-07-31,1.1446,171.52
2025-08-01,1.1404,171.61
2025-08-04,1.1565,170.45
2025-08-05,1.1546,170.42
2025-08-06,1.1604,171.22
2025-08-07,1.1643,171.6
2025-08-08,1.1648,172.18
2025-08-11,1.1622,171.86
2025-08-12,1.1606,172.3
2025-08-13,1.1711,172.47
2025-08-14,1.169,171.3
2025-08-15,1.1688,171.81
2025-08-18,1.1673,172.27
2025-08-19,1.1682,172.67
2025-08-20,1.1651,171.77
2025-08-21,1.1639,172.09
2025-08-22,1.1608,172.6
2025-08-25,1.1697,172.36
2025-08-26,1.1656,171.77
2025-08-27,1.1593,171.63
2025-08-28,1.1676,171.48
2025-08-29,1.1658,171.72
2025-09-01,1.1715,172.47
2025-09-02,1.1646,173.1
2025-09-03,1.1653,173.17
2025-09-04,1.1647,172.76
2025-09-05,1.1697,173.09
2025-09-08,1.1728,173.39
2025-09-09,1.1744,172.36
2025-09-10,1.1707,172.67
2025-09-11,1.1685,172.88
2025-09-12,1.1718,173.33
2025-09-15,1.1766,173.38
2025-09-16,1.1807,173.55
2025-09-17,1.1837,173.28
2025-09-18,1.1818,174.24
2025-09-19,1.1736,173.79
2025-09-22,1.1781,174.17
2025-09-23,1.1793,174.3
2025-09-24,1.1756,174.51
2025-09-25,1.1739,174.7
2025-09-26,1.1672,174.79
2025-09-29,1.1723,174.38
2025-09-30,1.1741,173.76
2025-10-01,1.1724,172.47
2025-10-02,1.1754,172.53
2025-10-03,1.1734,172.9
2025-10-06,1.1678,175.22
2025-10-07,1.1666,176.05
2025-10-08,1.1627,177.53
2025-10-09,1.1611,177.4
2025-10-10,1.1568,176.46
2025-10-13,1.1569,175.98
2025-10-14,1.1553,175.72
2025-10-15,1.1622,176.13
2025-10-16,1.1649,176.23
2025-10-17,1.1681,175.7
2025-10-20,1.1655,175.71
2025-10-21,1.1607,176.45
2025-10-22,1.1587,175.92
2025-10-23,1.1593,176.94
2025-10-24,1.1612,177.55
2025-10-27,1.164,177.93
2025-10-28,1.163,177.11
2025-10-29,1.1636,177.07
2025-10-30,1.155,178.37
2025-10-31,1.1554,178.14
2025-11-03,1.1514,177.57
2025-11-04,1.1491,176.39
2025-11-05,1.1492,176.67
2025-11-06,1.1533,177.15
2025-11-07,1.1561,176.99
2025-11-10,1.1571,178.31
2025-11-11,1.1575,178.46
2025-11-12,1.1576,179.19
2025-11-13,1.1619,179.57
2025-11-14,1.1648,179.22
2025-11-17,1.1593,179.57
2025-11-18,1.159,179.94
2025-11-19,1.1583,180.85
2025-11-20,1.1514,181.47
2025-11-21,1.152,180.56
2025-11-24,1.1544,181.22
2025-11-25,1.1551,180.42
2025-11-26,1.1577,181.09
2025-11-27,1.1586,181.11
2025-11-28,1.1566,180.57
2025-12-01,1.1646,180.28
2025-12-02,1.1614,181.26
2025-12-03,1.1668,181.28
2025-12-04,1.1666,180.55
2025-12-05,1.1645,180.76
2025-12-08,1.1655,181.29
2025-12-09,1.1637,181.96
2025-12-10,1.1634,182.32
2025-12-11,1.1714,182.25
2025-12-12,1.1731,182.99
2025-12-15,1.1753,182.32
2025-12-16,1.1776,182.07
2025-12-17,1.1722,182.38
2025-12-18,1.1719,182.55
2025-12-19,1.1712,184.15
2025-12-22,1.1745,184.77
2025-12-23,1.1786,183.89
2025-12-24,1.1787,183.83
2025-12-29,1.1766,183.97
2025-12-30,1.1757,183.48
2025-12-31,1.175,184.09
2026-01-02,1.1721,183.94
2026-01-05,1.1664,182.93
2026-01-06,1.1707,183.14
2026-01-07,1.1684,182.91
2026-01-08,1.1675,182.97
2026-01-09,1.1642,183.52
2026-01-12,1.1692,184.42
2026-01-13,1.1654,185.12
2026-01-14,1.1651,184.82
2026-01-15,1.1624,184.31
2026-01-16,1.1617,183.67
2026-01-19,1.1631,183.69
2026-01-20,1.1728,185.18
2026-01-21,1.1739,185.23
2026-01-22,1.1706,185.88
2026-01-23,1.1742,185.71
2026-01-26,1.1836,182.52
2026-01-27,1.1929,182.92
2026-01-28,1.1974,182.76
2026-01-29,1.1968,183.48
2026-01-30,1.1919,183.59
2026-02-02,1.184,183.59
2026-02-03,1.1801,183.92
2026-02-04,1.182,185.15
2026-02-05,1.1798,185.11
2026-02-06,1.1794,185.27
2026-02-09,1.1886,185.65
2026-02-10,1.1894,184.51
2026-02-11,1.19,182.79
2026-02-12,1.1874,182.52
2026-02-13,1.1862,181.83
2026-02-16,1.1855,181.79
2026-02-17,1.1826,181.06
2026-02-18,1.1845,181.99
2026-02-19,1.1753,182.05
2026-02-20,1.1767,182.63
2026-02-23,1.1784,182.44
2026-02-24,1.1777,183.53
2026-02-25,1.1784,184.7
2026-02-26,1.1814,184.37
2026-02-27,1.1805,184.13
2026-03-02,1.1698,184.19
2026-03-03,1.1606,182.98
2026-03-04,1.1649,183.02
2026-03-05,1.1618,183.03
2026-03-06,1.1561,182.57
2026-03-09,1.1555,183.15
2026-03-10,1.1641,183.67
2026-03-11,1.1581,183.63
2026-03-12,1.1547,183.43
2026-03-13,1.1476,182.85
2026-03-16,1.1478,182.66
2026-03-17,1.1531,183.29
2026-03-18,1.15,183.49
2026-03-19,1.1489,182.46
2026-03-20,1.1555,183.46
2026-03-23,1.1596,183.86
2026-03-24,1.1572,183.91
2026-03-25,1.1592,184.27
2026-03-26,1.1539,184.19
2026-03-27,1.1517,184.16
2026-03-30,1.1484,183.12
2026-03-31,1.1498,183.39
2026-04-01,1.1605,183.73
2026-04-02,1.1525,183.94
2026-04-07,1.1557,184.73
2026-04-08,1.1706,185.13
2026-04-09,1.1685,185.7
2026-04-10,1.1711,186.43
2026-04-13,1.1684,186.75
2026-04-14,1.1793,187.33
2026-04-15,1.178,187.41
2026-04-16,1.1782,187.31
2026-04-17,1.1797,187.72
2026-04-20,1.176,186.88
2026-04-21,1.1767,187.14
2026-04-22,1.1733,186.81
2026-04-23,1.1694,186.5
2026-04-24,1.1712,186.71
2026-04-27,1.1749,187.06
2026-04-28,1.168,186.58
2026-04-29,1.1706,187.05
2026-04-30,1.1702,183.21
2026-05-04,1.17,183.83
2026-05-05,1.1686,184.42
2026-05-06,1.1762,183.74
2026-05-07,1.177,184.07
2026-05-08,1.1761,184.37
2026-05-11,1.1765,184.87
2026-05-12,1.1738,184.98
2026-05-13,1.1715,184.83
2026-05-14,1.1702,184.83
2026-05-15,1.1628,184.36
2026-05-18,1.1648,184.93
2026-05-19,1.162,184.89
2026-05-20,1.16,184.48
2026-05-21,1.1599,184.59
2026-05-22,1.1595,184.53
2026-05-25,1.1643,185.04
2026-05-26,1.1634,185.22
2026-05-27,1.1637,185.52
2026-05-28,1.1617,185.24
2026-05-29,1.1644,185.45
2026-06-01,1.1646,185.74
2026-06-02,1.1649,186.09
2026-06-03,1.1614,185.66
2026-06-04,1.164,186.01
2026-06-05,1.164,186.08
2026-06-08,1.154,184.6
2026-06-09,1.1573,185.35
2026-06-10,1.1539,185.19
2026-06-11,1.1537,185.21
2026-06-12,1.1567,185.3
2026-06-15,1.1607,185.93
2026-06-16,1.1594,185.94
2026-06-17,1.1591,185.82
2026-06-18,1.1461,184.44
2026-06-19,1.1467,184.88
2026-06-22,1.1456,185.33
2026-06-23,1.1392,184.02
2026-06-24,1.134,183.35
2026-06-25,1.1342,183.57
2026-06-26,1.1401,184.3
2026-06-29,1.1406,184.62
2026-06-30,1.1394,185.08
2026-07-01,1.1383,185.21
2026-07-02,1.1399,184.19
2026-07-03,1.1448,184.48
2026-07-06,1.1415,185.31
2026-07-07,1.1433,185.09
2026-07-08,1.1404,185.3
2026-07-09,1.1435,185.72
2026-07-10,1.143,185.02
2026-07-13,1.1424,185.23
2026-07-14,1.1405,185.01
2026-07-15,1.1406,185.22
2026-07-16,1.1467,185.99
2026-07-17,1.1435,185.65
2026-07-20,1.1426,185.54
2026-07-21,1.1418,185.82
2026-07-22,1.1408,186.03
2026-07-23,1.1392,186.23
2026-07-24,1.1377,186.38
2026-07-27,1.1389,186.37
2026-07-28,1.1367,186.32
2026-07-29,1.138,186.27
2026-07-30,1.1476,186.99
2026-07-31,1.1485,184.03
2026-08-03,1.1535,180.73
2026-08-04,1.1515,181.26
2026-08-05,1.1554,182.08
2026-08-06,1.1542,182.17
2026-08-07,1.1535,182.64
2026-08-10,1.1555,183.31
2026-08-11,1.154,183.72
2026-08-12,1.1545,183.67
2026-08-13,1.1534,183.77
2026-08-14,1.1567,183.93
2026-08-17,1.1593,184.59
2026-08-18,1.1576,184.87
2026-08-19,1.1605,184.62
2026-08-20,1.1681,185.45
2026-08-21,1.1699,185.66
2026-08-24,1.1664,185.6
2026-08-25,1.1662,185.7
2026-08-26,1.1669,185.62
2026-08-27,1.1645,185.61
2026-08-28,1.1643,185.92
2026-08-31,1.1596,185.22
2026-09-01,1.159,185.63
2026-09-02,1.1578,184.78
2026-09-03,1.1615,181.21
2026-09-04,1.1622,181.59
2026-09-07,1.1622,179.85
2026-09-08,1.1614,179.2
2026-09-09,1.1652,178.59
2026-09-10,1.1616,179.09
2026-09-11,1.1592,178.56
2026-09-14,1.1551,178.52
2026-09-15,1.1539,178.86
2026-09-16,1.1537,178.88
2026-09-17,1.1481,178.75
2026-09-18,1.146,180.94
2026-09-21,1.149,180.7
2026-09-22,1.1463,180.17
2026-09-23,1.1411,180.2
