strike,mkt3m,mod3m,mkt2y,mod2y
80,26.1592,26.1170,24.1347,23.8008
81,25.6838,25.6961,23.9027,23.6106
82,25.2065,25.2719,23.6726,23.4221
83,24.7273,24.8438,23.4443,23.2353
84,24.2460,24.4117,23.2179,23.0501
85,23.7625,23.9753,22.9933,22.8667
86,23.2767,23.5340,22.7707,22.6849
87,22.7885,23.0877,22.5500,22.5048
88,22.2979,22.6360,22.3313,22.3264
89,21.8049,22.1786,22.1147,22.1497
90,21.3097,21.7150,21.9002,21.9747
91,20.8123,21.2450,21.6879,21.8014
92,20.3131,20.7684,21.4779,21.6298
93,19.8124,20.2851,21.2702,21.4600
94,19.3110,19.7950,21.0649,21.2919
95,18.8096,19.2983,20.8622,21.1256
96,18.3094,18.7957,20.6620,20.9612
97,17.8121,18.2879,20.4647,20.7985
98,17.3196,17.7767,20.2701,20.6377
99,16.8347,17.2645,20.0786,20.4789
100,16.3608,16.7549,19.8901,20.3219
101,15.9020,16.2529,19.7049,20.1669
102,15.4632,15.7652,19.5230,20.0139
103,15.0500,15.3004,19.3447,19.8629
104,14.6680,14.8685,19.1700,19.7140
105,14.3230,14.4801,18.9992,19.5673
106,14.0196,14.1444,18.8323,19.4227
107,13.7609,13.8676,18.6694,19.2803
108,13.5480,13.6517,18.5109,19.1402
109,13.3801,13.4940,18.3567,19.0024
110,13.2546,13.3886,18.2071,18.8670
111,13.1676,13.3281,18.0621,18.7339
112,13.1146,13.3048,17.9219,18.6033
113,13.0909,13.3114,17.7866,18.4753
114,13.0922,13.3418,17.6562,18.3498
115,13.1143,13.3910,17.5309,18.2269
116,13.1537,13.4548,17.4108,18.1067
117,13.2073,13.5301,17.2958,17.9892
118,13.2726,13.6142,17.1861,17.8744
119,13.3475,13.7052,17.0815,17.7624
120,13.4300,13.8014,16.9822,17.6533
