day,maintained,naive
0,996.30,996.30
1,984.20,984.20
2,984.84,984.84
3,989.64,989.64
4,992.95,992.95
5,988.06,988.06
6,987.93,987.93
7,982.28,982.28
8,979.25,979.25
9,977.17,977.17
10,984.01,984.01
11,981.28,981.28
12,985.87,985.87
13,983.24,983.24
14,979.86,979.86
15,972.43,972.43
16,971.41,971.41
17,978.15,978.15
18,971.06,971.06
19,976.84,976.84
20,972.77,972.77
21,970.58,970.58
22,969.17,969.17
23,965.44,965.44
24,961.69,961.69
25,971.15,971.15
26,975.62,975.62
27,982.51,982.51
28,981.60,981.60
29,981.03,981.03
30,985.95,1320.09
31,978.34,1309.91
32,971.22,1300.37
33,976.38,1307.28
34,975.88,1306.61
35,972.69,1302.35
36,975.75,1306.45
37,982.71,1315.76
38,982.83,1315.92
39,982.98,1316.12
40,995.30,1332.61
41,988.15,1323.04
42,986.41,1320.71
43,987.93,1322.75
44,982.06,1314.89
45,984.08,1317.60
46,980.02,1312.16
47,973.25,1303.09
48,970.73,1299.71
49,966.79,1294.44
50,961.39,1287.21
51,966.83,1294.50
52,959.53,1284.72
53,950.29,1272.35
54,946.42,1267.16
55,950.39,1272.48
56,942.47,1261.89
57,943.92,1263.82
58,940.59,1259.37
59,939.65,1258.10
