t,eurchf
2010.0082,1.4873
2010.0110,1.4856
2010.0137,1.4823
2010.0164,1.4832
2010.0192,1.4815
2010.0274,1.4755
2010.0301,1.4743
2010.0329,1.4788
2010.0356,1.4804
2010.0384,1.4756
2010.0466,1.4745
2010.0493,1.4760
2010.0521,1.4763
2010.0548,1.4723
2010.0575,1.4708
2010.0658,1.4728
2010.0685,1.4723
2010.0712,1.4721
2010.0740,1.4725
2010.0767,1.4662
2010.0833,1.4725
2010.0861,1.4733
2010.0888,1.4738
2010.0916,1.4690
2010.0943,1.4682
2010.1025,1.4659
2010.1053,1.4672
2010.1080,1.4658
2010.1107,1.4663
2010.1135,1.4650
2010.1217,1.4661
2010.1244,1.4678
2010.1272,1.4679
2010.1299,1.4651
2010.1326,1.4658
2010.1409,1.4649
2010.1436,1.4667
2010.1463,1.4641
2010.1491,1.4633
2010.1518,1.4638
2010.1667,1.4644
2010.1694,1.4628
2010.1721,1.4629
2010.1749,1.4632
2010.1776,1.4632
2010.1858,1.4628
2010.1886,1.4626
2010.1913,1.4618
2010.1941,1.4622
2010.1968,1.4597
2010.2050,1.4527
2010.2078,1.4516
2010.2105,1.4511
2010.2132,1.4474
2010.2160,1.4374
2010.2242,1.4348
2010.2269,1.4321
2010.2297,1.4282
2010.2324,1.4280
2010.2352,1.4286
2010.2434,1.4329
2010.2461,1.4316
2010.2489,1.4276
2010.2500,1.4179
2010.2637,1.4325
2010.2664,1.4321
2010.2692,1.4324
2010.2719,1.4364
2010.2801,1.4393
2010.2829,1.4370
2010.2856,1.4368
2010.2884,1.4343
2010.2911,1.4338
2010.2993,1.4345
2010.3021,1.4334
2010.3048,1.4329
2010.3075,1.4325
2010.3103,1.4355
2010.3185,1.4341
2010.3212,1.4353
2010.3240,1.4341
2010.3267,1.4348
2010.3295,1.4341
2010.3388,1.4328
2010.3416,1.4325
2010.3443,1.4325
2010.3470,1.4132
2010.3498,1.4144
2010.3580,1.4248
2010.3607,1.4095
2010.3635,1.4062
2010.3662,1.4011
2010.3689,1.4020
2010.3772,1.4014
2010.3799,1.4028
2010.3826,1.4043
2010.3854,1.4179
2010.3881,1.4408
2010.3963,1.4339
2010.3991,1.4244
2010.4018,1.4206
2010.4046,1.4164
2010.4073,1.4258
2010.4155,1.4230
2010.4167,1.4183
2010.4194,1.4148
2010.4221,1.4149
2010.4249,1.3951
2010.4331,1.3911
2010.4358,1.3793
2010.4386,1.3762
2010.4413,1.3788
2010.4441,1.3893
2010.4523,1.3910
2010.4550,1.3998
2010.4578,1.3888
2010.4605,1.3778
2010.4632,1.3745
2010.4715,1.3738
2010.4742,1.3622
2010.4769,1.3611
2010.4797,1.3555
2010.4824,1.3533
2010.4906,1.3387
2010.4934,1.3258
2010.4961,1.3283
2010.5000,1.3178
2010.5027,1.3376
2010.5110,1.3325
2010.5137,1.3373
2010.5164,1.3312
2010.5192,1.3321
2010.5219,1.3331
2010.5301,1.3349
2010.5329,1.3337
2010.5356,1.3428
2010.5384,1.3420
2010.5411,1.3543
2010.5493,1.3640
2010.5521,1.3537
2010.5548,1.3440
2010.5575,1.3418
2010.5603,1.3488
2010.5685,1.3574
2010.5712,1.3775
2010.5740,1.3760
2010.5767,1.3660
2010.5795,1.3541
2010.5861,1.3660
2010.5888,1.3712
2010.5916,1.3730
2010.5943,1.3820
2010.5970,1.3830
2010.6053,1.3771
2010.6080,1.3895
2010.6107,1.3695
2010.6135,1.3492
2010.6162,1.3488
2010.6244,1.3350
2010.6272,1.3411
2010.6299,1.3423
2010.6326,1.3331
2010.6354,1.3151
2010.6436,1.3160
2010.6463,1.3156
2010.6491,1.2994
2010.6518,1.3027
2010.6546,1.3004
2010.6628,1.3055
2010.6655,1.2935
2010.6667,1.2967
2010.6694,1.2953
2010.6721,1.3043
2010.6804,1.3070
2010.6831,1.2903
2010.6858,1.2837
2010.6886,1.2859
2010.6913,1.3020
2010.6995,1.2991
2010.7023,1.2911
2010.7050,1.3019
2010.7078,1.3225
2010.7105,1.3210
2010.7187,1.3160
2010.7215,1.3156
2010.7242,1.3217
2010.7269,1.3138
2010.7297,1.3163
2010.7379,1.3257
2010.7406,1.3272
2010.7434,1.3295
2010.7461,1.3287
2010.7500,1.3423
2010.7582,1.3327
2010.7610,1.3348
2010.7637,1.3361
2010.7664,1.3415
2010.7692,1.3420
2010.7774,1.3412
2010.7801,1.3298
2010.7829,1.3352
2010.7856,1.3386
2010.7884,1.3423
2010.7966,1.3359
2010.7993,1.3405
2010.8021,1.3355
2010.8048,1.3493
2010.8075,1.3533
2010.8158,1.3618
2010.8185,1.3558
2010.8212,1.3639
2010.8240,1.3668
2010.8267,1.3708
2010.8333,1.3756
2010.8361,1.3766
2010.8388,1.3761
2010.8416,1.3782
2010.8443,1.3546
2010.8525,1.3435
2010.8553,1.3420
2010.8580,1.3402
2010.8607,1.3282
2010.8635,1.3357
2010.8717,1.3428
2010.8744,1.3408
2010.8772,1.3426
2010.8799,1.3475
2010.8826,1.3607
2010.8909,1.3505
2010.8936,1.3338
2010.8963,1.3276
2010.8991,1.3326
2010.9018,1.3252
2010.9100,1.3186
2010.9128,1.2990
2010.9167,1.3178
2010.9194,1.3160
2010.9221,1.3143
2010.9304,1.3084
2010.9331,1.3062
2010.9358,1.3060
2010.9386,1.3060
2010.9413,1.2998
2010.9495,1.2987
2010.9523,1.2916
2010.9550,1.2826
2010.9578,1.2849
2010.9605,1.2738
2010.9687,1.2698
2010.9715,1.2613
2010.9742,1.2502
2010.9769,1.2553
2010.9797,1.2618
2010.9879,1.2626
2010.9906,1.2513
2010.9934,1.2483
2010.9961,1.2475
2010.9989,1.2504
2011.0055,1.2465
2011.0082,1.2669
2011.0110,1.2617
2011.0137,1.2677
2011.0164,1.2512
2011.0247,1.2459
2011.0274,1.2538
2011.0301,1.2622
2011.0329,1.2823
2011.0356,1.2915
2011.0438,1.2854
2011.0466,1.2812
2011.0493,1.2964
2011.0521,1.2873
2011.0548,1.3013
2011.0630,1.2989
2011.0658,1.2871
2011.0685,1.2922
2011.0712,1.2940
2011.0740,1.2942
2011.0822,1.2891
2011.0833,1.2954
2011.0861,1.2922
2011.0888,1.2987
2011.0916,1.2954
2011.0998,1.2953
2011.1025,1.3030
2011.1053,1.3152
2011.1080,1.3105
2011.1107,1.3163
2011.1189,1.3065
2011.1217,1.3124
2011.1244,1.3073
2011.1272,1.2973
2011.1299,1.2973
2011.1381,1.2960
2011.1409,1.2844
2011.1436,1.2853
2011.1463,1.2748
2011.1491,1.2799
2011.1573,1.2840
2011.1667,1.2849
2011.1694,1.2799
2011.1721,1.2844
2011.1749,1.3000
2011.1831,1.2960
2011.1858,1.2949
2011.1886,1.2920
2011.1913,1.2914
2011.1941,1.2842
2011.2023,1.2941
2011.2050,1.2756
2011.2078,1.2755
2011.2105,1.2625
2011.2132,1.2758
2011.2215,1.2836
2011.2242,1.2843
2011.2269,1.2746
2011.2297,1.2817
2011.2324,1.2915
2011.2406,1.2908
2011.2434,1.2957
2011.2461,1.2993
2011.2489,1.3005
2011.2500,1.3059
2011.2582,1.3130
2011.2610,1.3091
2011.2637,1.3097
2011.2664,1.3118
2011.2692,1.3163
2011.2774,1.3129
2011.2801,1.3017
2011.2829,1.2995
2011.2856,1.2879
2011.2884,1.2897
2011.2966,1.2821
2011.2993,1.2842
2011.3021,1.2944
2011.3048,1.2851
2011.3185,1.2830
2011.3212,1.2886
2011.3240,1.2954
2011.3267,1.2867
2011.3361,1.2856
2011.3388,1.2780
2011.3416,1.2826
2011.3443,1.2730
2011.3470,1.2668
2011.3553,1.2617
2011.3580,1.2602
2011.3607,1.2661
2011.3635,1.2584
2011.3662,1.2667
2011.3744,1.2542
2011.3772,1.2553
2011.3799,1.2545
2011.3826,1.2616
2011.3854,1.2477
2011.3936,1.2380
2011.3963,1.2405
2011.3991,1.2324
2011.4018,1.2343
2011.4046,1.2221
2011.4128,1.2147
2011.4155,1.2275
2011.4167,1.2182
2011.4194,1.2167
2011.4221,1.2197
2011.4304,1.2235
2011.4331,1.2237
2011.4358,1.2224
2011.4386,1.2242
2011.4413,1.2190
2011.4495,1.2023
2011.4523,1.2116
2011.4550,1.2164
2011.4578,1.1958
2011.4605,1.2103
2011.4687,1.2039
2011.4715,1.2127
2011.4742,1.2109
2011.4769,1.1963
2011.4797,1.1902
2011.4879,1.1849
2011.4906,1.1884
2011.4934,1.2036
2011.4961,1.2071
2011.5000,1.2267
2011.5082,1.2324
2011.5110,1.2213
2011.5137,1.2059
2011.5164,1.2050
2011.5192,1.2102
2011.5274,1.1715
2011.5301,1.1650
2011.5329,1.1695
2011.5356,1.1575
2011.5384,1.1577
2011.5466,1.1485
2011.5493,1.1607
2011.5521,1.1652
2011.5548,1.1690
2011.5575,1.1789
2011.5658,1.1563
2011.5685,1.1630
2011.5712,1.1586
2011.5740,1.1437
2011.5767,1.1418
2011.5833,1.1270
2011.5861,1.1049
2011.5888,1.1022
2011.5916,1.1012
2011.5943,1.0847
2011.6025,1.0849
2011.6053,1.0594
2011.6080,1.0451
2011.6107,1.0499
2011.6135,1.0984
2011.6217,1.1334
2011.6244,1.1195
2011.6272,1.1402
2011.6299,1.1410
2011.6326,1.1340
2011.6409,1.1341
2011.6436,1.1410
2011.6463,1.1403
2011.6491,1.1466
2011.6518,1.1458
2011.6600,1.1824
2011.6628,1.1835
2011.6655,1.1670
2011.6667,1.1417
2011.6694,1.1132
2011.6776,1.1111
2011.6804,1.2036
2011.6831,1.2052
2011.6858,1.2135
2011.6886,1.2165
2011.6968,1.2055
2011.6995,1.2037
2011.7023,1.2033
2011.7050,1.2062
2011.7078,1.2058
2011.7160,1.2061
2011.7187,1.2064
2011.7215,1.2208
2011.7242,1.2275
2011.7269,1.2195
2011.7352,1.2206
2011.7379,1.2232
2011.7406,1.2205
2011.7434,1.2207
2011.7461,1.2170
2011.7555,1.2140
2011.7582,1.2169
2011.7610,1.2265
2011.7637,1.2316
2011.7664,1.2365
2011.7747,1.2326
2011.7774,1.2380
2011.7801,1.2367
2011.7829,1.2335
2011.7856,1.2388
2011.7938,1.2365
2011.7966,1.2348
2011.7993,1.2428
2011.8021,1.2362
2011.8048,1.2307
2011.8130,1.2280
2011.8158,1.2253
2011.8185,1.2193
2011.8212,1.2213
2011.8240,1.2211
2011.8322,1.2191
2011.8333,1.2174
2011.8361,1.2166
2011.8388,1.2156
2011.8416,1.2217
2011.8498,1.2342
2011.8525,1.2382
2011.8553,1.2322
2011.8580,1.2315
2011.8607,1.2360
2011.8689,1.2368
2011.8717,1.2405
2011.8744,1.2384
2011.8772,1.2387
2011.8799,1.2378
2011.8881,1.2375
2011.8909,1.2350
2011.8936,1.2305
2011.8963,1.2268
2011.8991,1.2253
2011.9073,1.2309
2011.9100,1.2282
2011.9128,1.2265
2011.9167,1.2264
2011.9194,1.2343
2011.9276,1.2379
2011.9304,1.2388
2011.9331,1.2413
2011.9358,1.2373
2011.9386,1.2332
2011.9468,1.2349
2011.9495,1.2345
2011.9523,1.2317
2011.9550,1.2261
2011.9578,1.2249
2011.9660,1.2190
2011.9687,1.2192
2011.9715,1.2190
2011.9742,1.2232
2011.9769,1.2221
2011.9879,1.2210
2011.9906,1.2196
2011.9934,1.2186
2011.9961,1.2156
2012.0027,1.2155
2012.0055,1.2183
2012.0082,1.2196
2012.0110,1.2187
2012.0137,1.2177
2012.0219,1.2139
2012.0247,1.2136
2012.0274,1.2120
2012.0301,1.2112
2012.0329,1.2100
2012.0411,1.2093
2012.0438,1.2090
2012.0466,1.2088
2012.0493,1.2076
2012.0521,1.2077
2012.0603,1.2061
2012.0630,1.2065
2012.0658,1.2075
2012.0685,1.2071
2012.0712,1.2078
2012.0795,1.2046
2012.0822,1.2048
2012.0833,1.2048
2012.0861,1.2048
2012.0888,1.2050
2012.0970,1.2067
2012.0998,1.2087
2012.1025,1.2114
2012.1053,1.2103
2012.1080,1.2098
2012.1162,1.2090
2012.1189,1.2075
2012.1217,1.2073
2012.1244,1.2072
2012.1272,1.2083
2012.1354,1.2075
2012.1381,1.2073
2012.1409,1.2072
2012.1436,1.2053
2012.1463,1.2048
2012.1546,1.2052
2012.1573,1.2050
2012.1600,1.2051
2012.1667,1.2052
2012.1694,1.2062
2012.1776,1.2061
2012.1804,1.2055
2012.1831,1.2052
2012.1858,1.2050
2012.1886,1.2053
2012.1968,1.2056
2012.1995,1.2060
2012.2023,1.2110
2012.2050,1.2096
2012.2078,1.2070
2012.2160,1.2067
2012.2187,1.2059
2012.2215,1.2058
2012.2242,1.2055
2012.2269,1.2054
2012.2352,1.2054
2012.2379,1.2056
2012.2406,1.2063
2012.2434,1.2051
2012.2461,1.2045
2012.2527,1.2044
2012.2555,1.2035
2012.2582,1.2038
2012.2610,1.2025
2012.2747,1.2027
2012.2774,1.2011
2012.2801,1.2027
2012.2829,1.2017
2012.2911,1.2025
2012.2938,1.2018
2012.2966,1.2032
2012.2993,1.2021
2012.3021,1.2017
2012.3103,1.2018
2012.3130,1.2021
2012.3158,1.2018
2012.3185,1.2016
2012.3212,1.2014
2012.3295,1.2018
2012.3361,1.2018
2012.3388,1.2014
2012.3416,1.2014
2012.3498,1.2012
2012.3525,1.2014
2012.3553,1.2010
2012.3580,1.2013
2012.3607,1.2012
2012.3689,1.2010
2012.3717,1.2010
2012.3744,1.2011
2012.3772,1.2011
2012.3799,1.2012
2012.3881,1.2011
2012.3909,1.2011
2012.3936,1.2011
2012.3963,1.2010
2012.3991,1.2014
2012.4073,1.2019
2012.4100,1.2015
2012.4128,1.2010
2012.4155,1.2010
2012.4167,1.2008
2012.4249,1.2009
2012.4276,1.2010
2012.4304,1.2008
2012.4331,1.2011
2012.4358,1.2012
2012.4441,1.2010
2012.4468,1.2012
2012.4495,1.2009
2012.4523,1.2008
2012.4550,1.2010
2012.4632,1.2010
2012.4660,1.2009
2012.4687,1.2009
2012.4715,1.2010
2012.4742,1.2009
2012.4824,1.2008
2012.4852,1.2010
2012.4879,1.2011
2012.4906,1.2010
2012.4934,1.2030
2012.5027,1.2015
2012.5055,1.2012
2012.5082,1.2013
2012.5110,1.2012
2012.5137,1.2011
2012.5219,1.2010
2012.5247,1.2010
2012.5274,1.2010
2012.5301,1.2010
2012.5329,1.2009
2012.5411,1.2010
2012.5438,1.2010
2012.5466,1.2010
2012.5493,1.2010
2012.5521,1.2009
2012.5603,1.2010
2012.5630,1.2010
2012.5658,1.2010
2012.5685,1.2010
2012.5712,1.2010
2012.5795,1.2010
2012.5822,1.2014
2012.5833,1.2013
2012.5861,1.2024
2012.5888,1.2012
2012.5970,1.2013
2012.5998,1.2015
2012.6025,1.2012
2012.6053,1.2010
2012.6080,1.2009
2012.6162,1.2010
2012.6189,1.2010
2012.6217,1.2011
2012.6244,1.2010
2012.6272,1.2011
2012.6354,1.2010
2012.6381,1.2010
2012.6409,1.2009
2012.6436,1.2010
2012.6463,1.2009
2012.6546,1.2010
2012.6573,1.2010
2012.6600,1.2010
2012.6628,1.2009
2012.6655,1.2009
2012.6721,1.2008
2012.6749,1.2010
2012.6776,1.2014
2012.6804,1.2049
2012.6831,1.2128
2012.6913,1.2090
2012.6941,1.2074
2012.6968,1.2083
2012.6995,1.2130
2012.7023,1.2162
2012.7105,1.2160
2012.7132,1.2113
2012.7160,1.2095
2012.7187,1.2088
2012.7215,1.2110
2012.7297,1.2095
2012.7324,1.2092
2012.7352,1.2088
2012.7379,1.2084
2012.7406,1.2099
2012.7500,1.2095
2012.7527,1.2102
2012.7555,1.2104
2012.7582,1.2123
2012.7610,1.2112
2012.7692,1.2110
2012.7719,1.2111
2012.7747,1.2110
2012.7774,1.2087
2012.7801,1.2093
2012.7884,1.2091
2012.7911,1.2091
2012.7938,1.2106
2012.7966,1.2094
2012.7993,1.2085
2012.8075,1.2097
2012.8103,1.2098
2012.8130,1.2100
2012.8158,1.2097
2012.8185,1.2090
2012.8267,1.2087
2012.8295,1.2085
2012.8322,1.2076
2012.8333,1.2072
2012.8361,1.2073
2012.8443,1.2063
2012.8470,1.2075
2012.8498,1.2065
2012.8525,1.2058
2012.8553,1.2054
2012.8635,1.2057
2012.8662,1.2046
2012.8689,1.2040
2012.8717,1.2042
2012.8744,1.2042
2012.8826,1.2045
2012.8854,1.2049
2012.8881,1.2041
2012.8909,1.2045
2012.8936,1.2050
2012.9018,1.2046
2012.9046,1.2043
2012.9073,1.2033
2012.9100,1.2043
2012.9128,1.2054
2012.9221,1.2087
2012.9249,1.2136
2012.9276,1.2128
2012.9304,1.2114
2012.9331,1.2077
2012.9413,1.2068
2012.9441,1.2115
2012.9468,1.2109
2012.9495,1.2090
2012.9523,1.2089
2012.9605,1.2082
2012.9632,1.2080
2012.9660,1.2096
2012.9687,1.2079
2012.9715,1.2077
2012.9797,1.2070
2012.9879,1.2082
2012.9906,1.2080
2012.9989,1.2072
2013.0027,1.2090
2013.0055,1.2090
2013.0082,1.2092
2013.0164,1.2087
2013.0192,1.2092
2013.0219,1.2089
2013.0247,1.2104
2013.0274,1.2157
2013.0356,1.2243
2013.0384,1.2358
2013.0411,1.2359
2013.0438,1.2453
2013.0466,1.2446
2013.0548,1.2421
2013.0575,1.2383
2013.0603,1.2385
2013.0630,1.2417
2013.0658,1.2444
2013.0740,1.2472
2013.0767,1.2416
2013.0795,1.2392
2013.0822,1.2342
2013.0833,1.2351
2013.0916,1.2350
2013.0943,1.2299
2013.0970,1.2348
2013.0998,1.2312
2013.1025,1.2282
2013.1107,1.2294
2013.1135,1.2328
2013.1162,1.2365
2013.1189,1.2293
2013.1217,1.2303
2013.1299,1.2332
2013.1326,1.2332
2013.1354,1.2347
2013.1381,1.2290
2013.1409,1.2272
2013.1491,1.2305
2013.1518,1.2167
2013.1546,1.2177
2013.1573,1.2209
2013.1667,1.2245
2013.1749,1.2256
2013.1776,1.2277
2013.1804,1.2301
2013.1831,1.2318
2013.1858,1.2355
2013.1941,1.2360
2013.1968,1.2344
2013.1995,1.2319
2013.2023,1.2347
2013.2050,1.2308
2013.2132,1.2221
2013.2160,1.2218
2013.2187,1.2222
2013.2215,1.2225
2013.2242,1.2212
2013.2324,1.2213
2013.2352,1.2209
2013.2379,1.2174
2013.2406,1.2195
2013.2527,1.2159
2013.2555,1.2167
2013.2582,1.2155
2013.2610,1.2158
2013.2692,1.2168
2013.2719,1.2200
2013.2747,1.2183
2013.2774,1.2187
2013.2801,1.2167
2013.2884,1.2147
2013.2911,1.2163
2013.2938,1.2149
2013.2966,1.2164
2013.2993,1.2176
2013.3075,1.2188
2013.3103,1.2219
2013.3130,1.2302
2013.3158,1.2334
2013.3185,1.2273
2013.3267,1.2279
2013.3295,1.2238
2013.3361,1.2244
2013.3388,1.2235
2013.3470,1.2280
2013.3498,1.2333
2013.3525,1.2336
2013.3553,1.2290
2013.3580,1.2430
2013.3662,1.2404
2013.3689,1.2416
2013.3717,1.2499
2013.3744,1.2444
2013.3772,1.2449
2013.3854,1.2460
2013.3881,1.2476
2013.3909,1.2599
2013.3936,1.2486
2013.3963,1.2466
2013.4046,1.2452
2013.4073,1.2533
2013.4100,1.2480
2013.4128,1.2487
2013.4155,1.2406
2013.4221,1.2456
2013.4249,1.2397
2013.4276,1.2371
2013.4304,1.2357
2013.4331,1.2273
2013.4413,1.2395
2013.4441,1.2305
2013.4468,1.2323
2013.4495,1.2290
2013.4523,1.2322
2013.4605,1.2308
2013.4632,1.2315
2013.4660,1.2326
2013.4687,1.2319
2013.4715,1.2257
2013.4797,1.2241
2013.4824,1.2268
2013.4852,1.2262
2013.4879,1.2326
2013.4906,1.2338
2013.5000,1.2340
2013.5027,1.2354
2013.5055,1.2285
2013.5082,1.2328
2013.5110,1.2348
2013.5192,1.2404
2013.5219,1.2452
2013.5247,1.2440
2013.5274,1.2414
2013.5301,1.2388
2013.5384,1.2394
2013.5411,1.2371
2013.5438,1.2340
2013.5466,1.2370
2013.5493,1.2361
2013.5575,1.2370
2013.5603,1.2387
2013.5630,1.2388
2013.5658,1.2365
2013.5685,1.2334
2013.5767,1.2330
2013.5795,1.2335
2013.5822,1.2317
2013.5833,1.2317
2013.5861,1.2383
2013.5943,1.2352
2013.5970,1.2313
2013.5998,1.2321
2013.6025,1.2307
2013.6053,1.2310
2013.6135,1.2327
2013.6162,1.2358
2013.6189,1.2415
2013.6217,1.2427
2013.6244,1.2354
2013.6326,1.2352
2013.6354,1.2323
2013.6381,1.2310
2013.6409,1.2349
2013.6436,1.2358
2013.6518,1.2352
2013.6546,1.2293
2013.6573,1.2290
2013.6600,1.2308
2013.6628,1.2310
2013.6694,1.2317
2013.6721,1.2325
2013.6749,1.2345
2013.6776,1.2390
2013.6804,1.2382
2013.6886,1.2350
2013.6913,1.2392
2013.6941,1.2395
2013.6968,1.2368
2013.6995,1.2376
2013.7078,1.2374
2013.7105,1.2375
2013.7132,1.2370
2013.7160,1.2333
2013.7187,1.2330
2013.7269,1.2323
2013.7297,1.2295
2013.7324,1.2304
2013.7352,1.2288
2013.7379,1.2248
2013.7461,1.2225
2013.7500,1.2253
2013.7527,1.2241
2013.7555,1.2276
2013.7582,1.2271
2013.7664,1.2262
2013.7692,1.2284
2013.7719,1.2313
2013.7747,1.2311
2013.7774,1.2314
2013.7856,1.2334
2013.7884,1.2361
2013.7911,1.2341
2013.7938,1.2327
2013.7966,1.2343
2013.8048,1.2352
2013.8075,1.2355
2013.8103,1.2307
2013.8130,1.2303
2013.8158,1.2348
2013.8240,1.2343
2013.8267,1.2358
2013.8295,1.2347
2013.8322,1.2333
2013.8333,1.2310
2013.8416,1.2321
2013.8443,1.2297
2013.8470,1.2321
2013.8498,1.2298
2013.8525,1.2302
2013.8607,1.2328
2013.8635,1.2328
2013.8662,1.2316
2013.8689,1.2332
2013.8717,1.2346
2013.8799,1.2321
2013.8826,1.2333
2013.8854,1.2323
2013.8881,1.2318
2013.8909,1.2302
2013.8991,1.2311
2013.9018,1.2312
2013.9046,1.2305
2013.9073,1.2323
2013.9100,1.2298
2013.9194,1.2321
2013.9221,1.2287
2013.9249,1.2268
2013.9276,1.2262
2013.9304,1.2231
2013.9386,1.2231
2013.9413,1.2214
2013.9441,1.2219
2013.9468,1.2211
2013.9495,1.2226
2013.9578,1.2212
2013.9605,1.2206
2013.9632,1.2211
2013.9660,1.2261
2013.9687,1.2263
2013.9769,1.2257
2013.9797,1.2243
2013.9879,1.2234
2013.9961,1.2259
2013.9989,1.2276
2014.0027,1.2307
2014.0055,1.2309
2014.0137,1.2319
2014.0164,1.2367
2014.0192,1.2383
2014.0219,1.2368
2014.0247,1.2342
2014.0329,1.2342
2014.0356,1.2334
2014.0384,1.2354
2014.0411,1.2350
2014.0438,1.2332
2014.0521,1.2337
2014.0548,1.2357
2014.0575,1.2345
2014.0603,1.2317
2014.0630,1.2256
2014.0712,1.2267
2014.0740,1.2278
2014.0767,1.2255
2014.0795,1.2233
2014.0822,1.2220
2014.0888,1.2226
2014.0916,1.2215
2014.0943,1.2222
2014.0970,1.2224
2014.0998,1.2237
2014.1080,1.2234
2014.1107,1.2235
2014.1135,1.2249
2014.1162,1.2216
2014.1189,1.2221
2014.1272,1.2221
2014.1299,1.2221
2014.1326,1.2214
2014.1354,1.2203
2014.1381,1.2195
2014.1463,1.2209
2014.1491,1.2193
2014.1518,1.2198
2014.1546,1.2161
2014.1573,1.2153
2014.1721,1.2129
2014.1749,1.2172
2014.1776,1.2186
2014.1804,1.2190
2014.1831,1.2191
2014.1913,1.2192
2014.1941,1.2175
2014.1968,1.2159
2014.1995,1.2160
2014.2023,1.2124
2014.2105,1.2154
2014.2132,1.2162
2014.2160,1.2167
2014.2187,1.2190
2014.2215,1.2182
2014.2297,1.2197
2014.2324,1.2197
2014.2352,1.2216
2014.2379,1.2187
2014.2406,1.2186
2014.2489,1.2194
2014.2500,1.2178
2014.2527,1.2190
2014.2555,1.2209
2014.2582,1.2235
2014.2664,1.2202
2014.2692,1.2200
2014.2719,1.2184
2014.2747,1.2180
2014.2774,1.2161
2014.2856,1.2154
2014.2884,1.2162
2014.2911,1.2169
2014.2938,1.2175
2014.3075,1.2214
2014.3103,1.2198
2014.3130,1.2203
2014.3158,1.2194
2014.3240,1.2181
2014.3267,1.2200
2014.3295,1.2200
2014.3361,1.2189
2014.3443,1.2174
2014.3470,1.2169
2014.3498,1.2186
2014.3525,1.2178
2014.3553,1.2186
2014.3635,1.2211
2014.3662,1.2201
2014.3689,1.2199
2014.3717,1.2227
2014.3744,1.2210
2014.3826,1.2228
2014.3854,1.2223
2014.3881,1.2216
2014.3909,1.2215
2014.3936,1.2210
2014.4018,1.2210
2014.4046,1.2221
2014.4073,1.2225
2014.4100,1.2210
2014.4128,1.2204
2014.4194,1.2214
2014.4221,1.2216
2014.4249,1.2204
2014.4276,1.2200
2014.4304,1.2185
2014.4386,1.2193
2014.4413,1.2188
2014.4441,1.2179
2014.4468,1.2174
2014.4495,1.2178
2014.4578,1.2176
2014.4605,1.2188
2014.4632,1.2180
2014.4660,1.2170
2014.4687,1.2169
2014.4769,1.2167
2014.4797,1.2173
2014.4824,1.2168
2014.4852,1.2164
2014.4879,1.2162
2014.4961,1.2156
2014.5000,1.2138
2014.5027,1.2137
2014.5055,1.2147
2014.5082,1.2160
2014.5164,1.2155
2014.5192,1.2155
2014.5219,1.2158
2014.5247,1.2143
2014.5274,1.2143
2014.5356,1.2139
2014.5384,1.2142
2014.5411,1.2156
2014.5438,1.2147
2014.5466,1.2144
2014.5548,1.2144
2014.5575,1.2151
2014.5603,1.2150
2014.5630,1.2152
2014.5658,1.2152
2014.5740,1.2150
2014.5767,1.2152
2014.5795,1.2165
2014.5822,1.2169
2014.5833,1.2163
2014.5916,1.2167
2014.5943,1.2175
2014.5970,1.2152
2014.5998,1.2150
2014.6025,1.2137
2014.6107,1.2134
2014.6135,1.2138
2014.6162,1.2135
2014.6189,1.2124
2014.6217,1.2114
2014.6299,1.2107
2014.6326,1.2104
2014.6354,1.2106
2014.6381,1.2109
2014.6409,1.2100
2014.6491,1.2087
2014.6518,1.2086
2014.6546,1.2068
2014.6573,1.2060
2014.6600,1.2061
2014.6667,1.2072
2014.6694,1.2072
2014.6721,1.2078
2014.6749,1.2055
2014.6776,1.2064
2014.6858,1.2069
2014.6886,1.2060
2014.6913,1.2072
2014.6941,1.2100
2014.6968,1.2089
2014.7050,1.2099
2014.7078,1.2085
2014.7105,1.2101
2014.7132,1.2086
2014.7160,1.2067
2014.7242,1.2069
2014.7269,1.2069
2014.7297,1.2077
2014.7324,1.2076
2014.7352,1.2071
2014.7434,1.2071
2014.7461,1.2063
2014.7500,1.2072
2014.7527,1.2085
2014.7555,1.2089
2014.7637,1.2120
2014.7664,1.2115
2014.7692,1.2132
2014.7719,1.2107
2014.7747,1.2092
2014.7829,1.2077
2014.7856,1.2079
2014.7884,1.2072
2014.7911,1.2061
2014.7938,1.2074
2014.8021,1.2064
2014.8048,1.2068
2014.8075,1.2062
2014.8103,1.2067
2014.8130,1.2060
2014.8212,1.2060
2014.8240,1.2056
2014.8267,1.2059
2014.8295,1.2059
2014.8322,1.2067
2014.8388,1.2054
2014.8416,1.2055
2014.8443,1.2043
2014.8470,1.2045
2014.8498,1.2040
2014.8580,1.2028
2014.8607,1.2024
2014.8635,1.2023
2014.8662,1.2018
2014.8689,1.2015
2014.8772,1.2013
2014.8799,1.2013
2014.8826,1.2014
2014.8854,1.2014
2014.8881,1.2024
2014.8963,1.2027
2014.8991,1.2030
2014.9018,1.2026
2014.9046,1.2022
2014.9073,1.2018
2014.9167,1.2028
2014.9194,1.2040
2014.9221,1.2032
2014.9249,1.2035
2014.9276,1.2021
2014.9358,1.2023
2014.9386,1.2021
2014.9413,1.2024
2014.9441,1.2012
2014.9468,1.2010
2014.9550,1.2011
2014.9578,1.2009
2014.9605,1.2010
2014.9632,1.2052
2014.9660,1.2039
2014.9742,1.2035
2014.9769,1.2032
2014.9797,1.2025
2014.9934,1.2028
2014.9961,1.2028
2014.9989,1.2024
2015.0027,1.2022
2015.0110,1.2016
2015.0137,1.2014
2015.0164,1.2011
2015.0192,1.2010
2015.0219,1.2010
2015.0301,1.2010
2015.0329,1.2010
2015.0356,1.2010
2015.0384,1.0280
2015.0411,1.0128
2015.0493,1.0120
2015.0521,1.0087
2015.0548,0.9997
2015.0575,0.9943
2015.0603,0.9816
2015.0685,1.0014
2015.0712,1.0170
2015.0740,1.0242
2015.0767,1.0372
2015.0795,1.0468
2015.0861,1.0519
2015.0888,1.0526
2015.0916,1.0602
2015.0943,1.0587
2015.0970,1.0534
2015.1053,1.0428
2015.1080,1.0457
2015.1107,1.0465
2015.1135,1.0559
2015.1162,1.0576
2015.1244,1.0626
2015.1272,1.0631
2015.1299,1.0707
2015.1326,1.0796
2015.1354,1.0718
2015.1436,1.0727
2015.1463,1.0755
2015.1491,1.0773
2015.1518,1.0745
2015.1546,1.0636
2015.1694,1.0724
2015.1721,1.0736
2015.1749,1.0694
2015.1776,1.0697
2015.1804,1.0700
2015.1886,1.0691
2015.1913,1.0703
2015.1941,1.0655
2015.1968,1.0636
2015.1995,1.0648
2015.2078,1.0615
2015.2105,1.0660
2015.2132,1.0627
2015.2160,1.0595
2015.2187,1.0552
2015.2269,1.0561
2015.2297,1.0491
2015.2324,1.0517
2015.2352,1.0498
2015.2379,1.0476
2015.2461,1.0439
2015.2489,1.0463
2015.2500,1.0426
2015.2527,1.0400
2015.2664,1.0438
2015.2692,1.0438
2015.2719,1.0447
2015.2747,1.0390
2015.2829,1.0373
2015.2856,1.0344
2015.2884,1.0321
2015.2911,1.0327
2015.2938,1.0297
2015.3021,1.0283
2015.3048,1.0252
2015.3075,1.0323
2015.3103,1.0383
2015.3130,1.0338
2015.3212,1.0367
2015.3240,1.0464
2015.3267,1.0491
2015.3295,1.0486
2015.3416,1.0431
2015.3443,1.0376
2015.3470,1.0374
2015.3498,1.0343
2015.3525,1.0385
2015.3607,1.0403
2015.3635,1.0396
2015.3662,1.0410
2015.3689,1.0386
2015.3717,1.0463
2015.3799,1.0482
2015.3826,1.0420
2015.3854,1.0429
2015.3881,1.0394
2015.3909,1.0417
2015.3991,1.0349
2015.4018,1.0351
2015.4046,1.0331
2015.4073,1.0344
2015.4100,1.0341
2015.4167,1.0331
2015.4194,1.0391
2015.4221,1.0427
2015.4249,1.0551
2015.4276,1.0478
2015.4358,1.0470
2015.4386,1.0465
2015.4413,1.0486
2015.4441,1.0523
2015.4468,1.0469
2015.4550,1.0512
2015.4578,1.0465
2015.4605,1.0451
2015.4632,1.0461
2015.4660,1.0449
2015.4742,1.0435
2015.4769,1.0449
2015.4797,1.0449
2015.4824,1.0507
2015.4852,1.0447
2015.4934,1.0376
2015.4961,1.0413
2015.5000,1.0457
2015.5027,1.0507
2015.5055,1.0466
2015.5137,1.0422
2015.5164,1.0383
2015.5192,1.0463
2015.5219,1.0504
2015.5247,1.0464
2015.5329,1.0478
2015.5356,1.0422
2015.5384,1.0439
2015.5411,1.0407
2015.5438,1.0431
2015.5521,1.0443
2015.5548,1.0440
2015.5575,1.0482
2015.5603,1.0517
2015.5630,1.0512
2015.5712,1.0595
2015.5740,1.0659
2015.5767,1.0622
2015.5795,1.0633
2015.5822,1.0565
2015.5888,1.0598
2015.5916,1.0640
2015.5943,1.0658
2015.5970,1.0713
2015.5998,1.0738
2015.6080,1.0800
2015.6107,1.0859
2015.6135,1.0864
2015.6162,1.0849
2015.6189,1.0875
2015.6272,1.0841
2015.6299,1.0798
2015.6326,1.0755
2015.6354,1.0772
2015.6381,1.0765
2015.6463,1.0777
2015.6491,1.0834
2015.6518,1.0778
2015.6546,1.0771
2015.6573,1.0807
2015.6655,1.0825
2015.6667,1.0825
2015.6694,1.0867
2015.6721,1.0903
2015.6749,1.0839
2015.6831,1.0871
2015.6858,1.0920
2015.6886,1.0893
2015.6913,1.0923
2015.6941,1.1031
2015.7023,1.0979
2015.7050,1.0971
2015.7078,1.0943
2015.7105,1.0950
2015.7132,1.0913
2015.7215,1.0906
2015.7242,1.0860
2015.7269,1.0882
2015.7297,1.0928
2015.7324,1.0922
2015.7406,1.0941
2015.7434,1.0901
2015.7461,1.0915
2015.7500,1.0903
2015.7527,1.0923
2015.7610,1.0938
2015.7637,1.0936
2015.7664,1.0882
2015.7692,1.0935
2015.7719,1.0919
2015.7801,1.0928
2015.7829,1.0910
2015.7856,1.0901
2015.7884,1.0873
2015.7911,1.0809
2015.7993,1.0834
2015.8021,1.0823
2015.8048,1.0864
2015.8075,1.0886
2015.8103,1.0793
2015.8185,1.0823
2015.8212,1.0880
2015.8240,1.0899
2015.8267,1.0851
2015.8295,1.0900
2015.8361,1.0885
2015.8388,1.0869
2015.8416,1.0813
2015.8443,1.0833
2015.8470,1.0830
2015.8553,1.0815
2015.8580,1.0765
2015.8607,1.0783
2015.8635,1.0769
2015.8662,1.0786
2015.8744,1.0791
2015.8772,1.0806
2015.8799,1.0838
2015.8826,1.0893
2015.8854,1.0844
2015.8936,1.0848
2015.8963,1.0832
2015.8991,1.0820
2015.9018,1.0868
2015.9046,1.0900
2015.9128,1.0903
2015.9167,1.0908
2015.9194,1.0880
2015.9221,1.0840
2015.9249,1.0882
2015.9331,1.0830
2015.9358,1.0820
2015.9386,1.0830
2015.9413,1.0806
2015.9441,1.0819
2015.9523,1.0771
2015.9550,1.0831
2015.9578,1.0824
2015.9605,1.0807
2015.9632,1.0768
2015.9715,1.0804
2015.9742,1.0818
2015.9769,1.0812
2015.9797,1.0806
2015.9906,1.0838
2015.9934,1.0846
2015.9961,1.0814
2015.9989,1.0835
2016.0082,1.0891
2016.0110,1.0847
2016.0137,1.0846
2016.0164,1.0875
2016.0192,1.0860
2016.0274,1.0863
2016.0301,1.0855
2016.0329,1.0926
2016.0356,1.0950
2016.0384,1.0951
2016.0466,1.0946
2016.0493,1.0922
2016.0521,1.0932
2016.0548,1.0949
2016.0575,1.0950
2016.0658,1.0981
2016.0685,1.1008
2016.0712,1.1068
2016.0740,1.1053
2016.0767,1.1144
2016.0833,1.1096
2016.0861,1.1147
2016.0888,1.1115
2016.0916,1.1169
2016.0943,1.1101
2016.1025,1.1051
2016.1053,1.0997
2016.1080,1.0960
2016.1107,1.1027
2016.1135,1.0989
2016.1217,1.1009
2016.1244,1.1018
2016.1272,1.1034
2016.1299,1.1028
2016.1326,1.1017
2016.1409,1.1008
2016.1436,1.0921
2016.1463,1.0914
2016.1491,1.0935
2016.1518,1.0929
2016.1600,1.0914
2016.1667,1.0860
2016.1694,1.0845
2016.1721,1.0840
2016.1749,1.0898
2016.1831,1.0962
2016.1858,1.0952
2016.1886,1.0978
2016.1913,1.0941
2016.1941,1.0948
2016.2023,1.0969
2016.2050,1.0954
2016.2078,1.0960
2016.2105,1.0959
2016.2132,1.0919
2016.2215,1.0916
2016.2242,1.0887
2016.2269,1.0894
2016.2297,1.0875
2016.2434,1.0915
2016.2461,1.0913
2016.2489,1.0931
2016.2500,1.0946
2016.2582,1.0919
2016.2610,1.0892
2016.2637,1.0887
2016.2664,1.0884
2016.2692,1.0874
2016.2774,1.0877
2016.2801,1.0874
2016.2829,1.0887
2016.2856,1.0878
2016.2884,1.0919
2016.2966,1.0916
2016.2993,1.0922
2016.3021,1.0939
2016.3048,1.0989
2016.3075,1.0991
2016.3158,1.0973
2016.3185,1.1000
2016.3212,1.0998
2016.3240,1.0974
2016.3267,1.0984
2016.3361,1.0999
2016.3388,1.0977
2016.3416,1.0993
2016.3443,1.1018
2016.3470,1.1070
2016.3553,1.1053
2016.3580,1.1079
2016.3607,1.1099
2016.3635,1.1063
2016.3662,1.1024
2016.3744,1.1059
2016.3772,1.1080
2016.3799,1.1086
2016.3826,1.1089
2016.3854,1.1123
2016.3936,1.1105
2016.3963,1.1079
2016.3991,1.1049
2016.4018,1.1075
2016.4046,1.1068
2016.4128,1.1058
2016.4155,1.1044
2016.4167,1.1055
2016.4194,1.1062
2016.4221,1.1050
2016.4304,1.1051
2016.4331,1.0979
2016.4358,1.0942
2016.4386,1.0916
2016.4413,1.0885
2016.4495,1.0888
2016.4523,1.0832
2016.4550,1.0817
2016.4578,1.0812
2016.4605,1.0818
2016.4687,1.0884
2016.4715,1.0850
2016.4742,1.0830
2016.4769,1.0876
2016.4797,1.0808
2016.4879,1.0736
2016.4906,1.0845
2016.4934,1.0854
2016.4961,1.0867
2016.5000,1.0835
2016.5082,1.0839
2016.5110,1.0837
2016.5137,1.0821
2016.5164,1.0820
2016.5192,1.0855
2016.5274,1.0867
2016.5301,1.0904
2016.5329,1.0909
2016.5356,1.0900
2016.5384,1.0899
2016.5466,1.0869
2016.5493,1.0877
2016.5521,1.0882
2016.5548,1.0872
2016.5575,1.0860
2016.5658,1.0839
2016.5685,1.0870
2016.5712,1.0928
2016.5740,1.0892
2016.5767,1.0823
2016.5833,1.0807
2016.5861,1.0810
2016.5888,1.0845
2016.5916,1.0834
2016.5943,1.0852
2016.6025,1.0883
2016.6053,1.0899
2016.6080,1.0923
2016.6107,1.0859
2016.6135,1.0888
2016.6217,1.0893
2016.6244,1.0849
2016.6272,1.0863
2016.6299,1.0853
2016.6326,1.0852
2016.6409,1.0886
2016.6436,1.0896
2016.6463,1.0891
2016.6491,1.0905
2016.6518,1.0933
2016.6600,1.0937
2016.6628,1.0951
2016.6655,1.0957
2016.6667,1.0978
2016.6694,1.0959
2016.6776,1.0925
2016.6804,1.0923
2016.6831,1.0891
2016.6858,1.0917
2016.6886,1.0969
2016.6968,1.0935
2016.6995,1.0925
2016.7023,1.0945
2016.7050,1.0941
2016.7078,1.0941
2016.7160,1.0955
2016.7187,1.0943
2016.7215,1.0883
2016.7242,1.0867
2016.7269,1.0887
2016.7352,1.0905
2016.7379,1.0880
2016.7406,1.0891
2016.7434,1.0876
2016.7461,1.0876
2016.7555,1.0918
2016.7582,1.0949
2016.7610,1.0959
2016.7637,1.0942
2016.7664,1.0946
2016.7747,1.0960
2016.7774,1.0938
2016.7801,1.0906
2016.7829,1.0904
2016.7856,1.0889
2016.7938,1.0872
2016.7966,1.0886
2016.7993,1.0854
2016.8021,1.0852
2016.8048,1.0825
2016.8130,1.0821
2016.8158,1.0848
2016.8185,1.0838
2016.8212,1.0838
2016.8240,1.0855
2016.8322,1.0820
2016.8333,1.0823
2016.8361,1.0787
2016.8388,1.0787
2016.8416,1.0774
2016.8498,1.0789
2016.8525,1.0778
2016.8553,1.0793
2016.8580,1.0762
2016.8607,1.0732
2016.8689,1.0739
2016.8717,1.0758
2016.8744,1.0738
2016.8772,1.0737
2016.8799,1.0711
2016.8881,1.0727
2016.8909,1.0730
2016.8936,1.0731
2016.8963,1.0727
2016.8991,1.0736
2016.9073,1.0751
2016.9100,1.0752
2016.9128,1.0803
2016.9167,1.0764
2016.9194,1.0751
2016.9276,1.0797
2016.9304,1.0833
2016.9331,1.0834
2016.9358,1.0853
2016.9386,1.0756
2016.9468,1.0772
2016.9495,1.0742
2016.9523,1.0747
2016.9550,1.0733
2016.9578,1.0751
2016.9660,1.0709
2016.9687,1.0687
2016.9715,1.0689
2016.9742,1.0706
2016.9769,1.0711
2016.9879,1.0754
2016.9906,1.0714
2016.9934,1.0714
2016.9961,1.0739
