rule,status,detail
isolated,fail,hot CPUs not isolated: 16;18;20
siblings,fail,idle siblings online and not isolated: 17;19;21
nohz_full,fail,kernel built without adaptive ticks (no nohz_full file)
rcu_nocbs,fail,RCU callbacks run on 16;18;20
irq_affinity,fail,interrupts allowed on hot CPUs: default; 0; 1; 2; 3 and 17 more
irqbalance,ok,irqbalance not running
governor,unknown,no frequency governor exposed (virtual machine?)
cstate,fail,deep idle states allowed (no max_cstate or idle=poll)
thp,ok,enabled=madvise; defrag=madvise
memlock,fail,locked-memory limit 67108864 bytes; need 1073741824
rt_throttle,ok,hot threads not real-time: throttling irrelevant
